Girardia tigrina,planariid sp. A,turbellarian sp. A,paleonemertean sp. A,Prostoma graecense,Amphidelus sp. A,Teratocephalus sp. A,Dorylaimus sp. A,Actinolaiminae sp. A,mermithid sp. A,nematode sp. A,Chaetogaster limnaei,Dero digitata,Dero trifida,Nais communis / variabilis,Ophidonais serpentina,Paranais frici,Slavina appendiculata,Stylaria lacustris,Vejdovskyella intermedia,Aulodrilus limnobius,Aulodrilus pigueti,Aulodrilus japonicus,Bothrioneurum vejdovskyanum,Branchiura sowerbyi,Ilyodrilus frantzi,Ilyodrilus templetoni,Limnodrilus claparedianus,Limnodrilus hoffmeisteri,Limnodrilus udekemianus,Potamothrix bavaricus,Psammoryctides californianus,Quistadrilus multisetosus,Embolocephalus nikolskyi,Teneridrilus mastix,Tubificoides brownae,Tubificoides fraseri,Tubificoides heterochaetus,Varichaetadrilus angustipenis,enchytraeid sp. B,Sparganophilus eiseni,Altmanella freidris,Lumbriculus variegatus,Rhynchelmis rostrata,Mooreobdella microstoma,Boccardiella ligerica,Polydora cornuta,Pseudopolydora kempi,Streblospio benedicti,Marenzelleria neglecta,Heteromastus filiformis,Eteone lighti,Hediste limnicola,Alitta succinea,Manayunkia speciosa,Laonome calida,Herpetocypris brevicaudata,Isocypris sp. A,Candona sp. A,Cyprideis sp. A,Hyperacanthomysis longirostris,Neomysis mercedis,Balanus improvisus,Nippoleucon hinumensis,Sinelobus sp. A,Synidotea laevidorsalis,Asellus hilgendorfii,Caecidotea racovitzai,Gnorimosphaeroma insulare,Gnorimosphaeroma oregonensis,Uromunna sp. A,Ampelisca abdita,Monocorophium acherusicum,Sinocorophium alienense,Sinocorophium heteroceratum,Americorophium spinicorne,Americorophium stimpsoni,Grandidierella japonica,Crangonyx floridanus,Gammarus daiberi,Melita nitida,Hyalella sp. A,Palaemon macrodactylus,Crangon franciscorum,Rhithropanopeus harrisii,Stylurus olivaceus,Oxyethira sp. A,Procladius sp. A,Ablabesmyia sp. A,Chironomus attenuatus,Cryptochironomus sp. A,Cryptochironomus sp. B,Harnischia curtilamellata,Paracladopelma sp. A,Polypedilum sp. A,Psectrocladius sp. A,Fluminicola sp. A,Hydrobioidea sp. A,Hydrobioidea sp. D,Hydrobioidea sp. E,Gyraulus circumstriatus,Dilatata dilatatus,Helisoma anceps,Physa sp. A,Ferrissia californica,Melanoides tuberculata,Corbicula fluminea,Pisidium casertanum,Pisidium compressum,Limecola petalum,Mya arenaria,Potamocorbula amurensis
0,0,0,0,0,0,0,0,0,153.85,0,0,0,0,0,0,0,0,0,0,0,0,0,0,0,0,0,0,1307.69,0,0,0,0,0,0,0,0,0,0,0,0,0,0,0,0,0,0,0,0,0,0,0,12.82,0,0,0,0,0,0,0,0,0,0,0,0,0,0,0,0,0,0,0,0,0,0,14391.03,19974.36,0,0,0,0,0,6.41,0,12.82,0,0,0,0,0,0,0,0,0,0,0,0,0,0,0,0,0,0,0,0,0,525.64,0,0,0,0,0
0,0,0,0,0,0,0,0,0,0,0,0,0,0,0,0,0,0,0,0,0,0,0,0,0,0,3.205,0,89.74499999999999,0,0,0,0,16.025,0,0,0,0,0,0,0,0,0,0,0,0,0,0,0,0,0,0,25.64,0,0,0,0,0,0,0,0,0,0,0,0,0,0,0,0,0,0,0,0,0,0,0,9.615,0,0,0,0,0,0,0,0,0,0,0,0,0,0,0,0,0,0,0,0,0,0,0,0,0,0,0,0,0,1125,0,0,0,0,0
0,0,0,0,0,0,0,0,0,0,0,0,0,0,0,0,0,0,0,0,0,0,0,0,0,0,0,0,320.51,0,0,0,0,0,0,0,0,0,0,0,0,0,0,0,0,5525.64,0,0,0,0,0,6.41,16.025,19.229999999999997,0,0,0,0,0,0,0,0,92.95,0,0,22.435000000000002,0,0,0,0,0,16.025,246.79500000000002,0,0,0,0,519.23,0,0,12.82,0,9.615,0,3.205,0,0,0,0,0,0,0,0,0,0,0,0,0,0,0,0,0,0,0,0,0,19.23,0,0,19.23,51.28,0
0,0,0,2.1366666666666667,0,0,0,0,0,0,0,0,0,0,0,0,0,0,0,0,0,0,0,0,0,0,0,0,480.76666666666665,0,0,0,0,0,0,0,0,0,0,0,0,0,0,0,0,6.41,0,0,811.9666666666667,0,2.1366666666666667,10.683333333333332,0,49.14333333333333,0,0,0,0,0,0,0,0,0,0,0,55.553333333333335,0,0,0,0,0,1638.8899999999999,2128.2033333333334,0,0,0,0,369.66,0,0,0,0,0,2.1366666666666667,6.41,0,0,0,0,0,0,0,0,0,0,0,0,0,0,0,0,0,0,0,0,0,0,0,0,326.92,4433.76,0
0,0,0,0,0,0,0,0,0,0,0,0,0,0,0,0,0,0,0,0,0,0,0,0,0,0,3.205,0,1855.77,0,0,0,0,0,0,0,0,0,0,0,0,0,0,0,0,6.41,0,0,0,0,0,0,9.615,0,0,0,0,0,0,0,0,0,6.41,0,0,0,0,0,0,0,0,0,0,0,0,38.459999999999994,2836.54,0,0,0,0,0,0,0,28.845,0,0,3.205,0,0,0,0,0,0,0,0,0,0,0,0,0,0,0,0,0,0,38.459999999999994,0,0,3.205,0,0
0,0,0,0,0,0,0,0,0,0,0,0,0,0,0,0,0,0,0,0,0,0,0,0,0,0,0,0,0,0,0,0,0,0,0,0,0,0,0,0,0,0,0,0,0,0,0,0,0,0,0,0,0,44.870000000000005,0,0,0,0,0,0,0,0,0,0,0,0,0,0,0,0,0,0,0,0,0,0,35.255,0,0,0,0,0,0,0,3.205,0,0,0,0,0,0,0,0,0,0,0,0,0,0,0,0,0,0,0,0,0,0,0,0,25.64,0,0
0,0,0,0,35.254999999999995,0,73.715,0,0,349.36,0,0,0,0,0,0,0,0,0,0,0,0,12.82,0,0,9.615,19.23,0,464.74,0,0,0,3.205,0,0,0,0,0,0,0,0,0,0,0,0,0,0,0,0,0,0,0,0,0,64.105,0,0,6.41,0,0,0,0,0,0,0,0,0,0,0,0,0,0,0,0,0,0,9570.515,0,0,0,0,0,0,0,0,0,0,0,0,0,0,0,0,51.28,0,0,0,0,0,0,0,0,0,0,0,0,2240.3849999999998,0,0,0,0,0
0,0,0,3.205,0,0,262.82,0,0,9.615,0,0,0,0,0,0,0,0,0,0,0,0,0,0,0,0,0,0,2012.8200000000002,0,0,0,0,0,0,0,0,0,0,0,0,0,0,0,0,0,0,0,0,0,0,0,0,6.41,0,0,0,0,0,0,0,0,0,0,0,96.155,0,0,0,0,0,0,0,0,0,23647.435,9618.59,0,0,0,0,0,6.41,0,96.155,0,0,0,0,0,0,0,0,0,0,0,0,0,0,0,0,0,0,0,0,0,961.5350000000001,0,0,0,0,0
0,0,0,0,0,0,0,0,0,0,0,0,0,0,0,0,0,0,0,0,0,0,0,0,0,0,0,0,99.36000000000001,0,0,0,0,0,0,0,0,0,0,0,0,0,0,0,0,6.41,0,0,0,0,0,0,0,28.845,0,0,0,0,0,0,0,0,0,0,0,0,0,0,0,0,0,3.205,0,0,0,0,0,3.205,0,0,0,0,3.205,0,0,0,0,0,0,0,0,0,0,0,0,0,0,0,0,0,0,0,0,0,0,0,0,0,0,19.229999999999997,12.82,0
0,0,0,0,97.9842857142857,0,14.651428571428571,0,0,39.37571428571429,0,0,0,0,0,0,0,0,0,0,0,0,2.7471428571428573,0,0,16.482857142857142,0,0,249.08285714285714,0,0,0,4.578571428571428,0.9157142857142857,0,0,0,0,0,0,0,0,0,3.662857142857143,0,0,0,0,0,0,0,0,5.494285714285715,0,347.07,0,0,7.325714285714286,10.988571428571428,0,0,0,0,0,0,0,0,0,0,0,0,0,0,0,0,55.86,2108.058571428571,0,0,0,0,0,0,0,0,0,0,0.9157142857142857,0,0,0,0,0,0,0,0.9157142857142857,0,0,0,0,0,0,0,0,0,0,2849.8157142857144,0,0,0,0,0
0,0,0,0,52.19857142857143,0,104.39571428571428,0,0,154.76,0,0,0,0,0,0,0,0,0,0,0,0,0,0,8.241428571428571,0,11.904285714285715,0,3947.802857142857,0,0,0,0,0,0,0,0,0,0,0,0,0,0,0,0,15.567142857142857,0,0,0,0,0,0,132.78285714285715,0,0,0,0,0,0,0,0,0,0.9157142857142857,0,0,0,0,0,0,0,0,0,0,0,0,5669.412857142857,20597.07,0,0,0,0,0,0.9157142857142857,0,3.662857142857143,0,0,0,0,0,0.9157142857142857,0,0,0,0,0,0,0,0,0,0,0,0,0,0,0,2315.017142857143,0,0,0,0,0
0,0,0,0,0,0,13.735714285714286,0,0,5.494285714285715,0,0,0,0,0,0,0,0,0,0,0,0,0,0,0,0,0,0,1913.9171428571428,0,0,0,0,0,0,0,0,0,0,0,0,0,0,0,0,0,0,0,0,0,0,0,0,19.23,0,0,0,0,0,0,0,0,0,0,0,0.9157142857142857,0,0,0,0,0,0,0,0,0,0.9157142857142857,280.21999999999997,1.8314285714285714,0,0,0,0,0.9157142857142857,2.7471428571428573,0.9157142857142857,0,0,0,0,0,0,0,0,0,0,0,0,0,0,0,0,0,0,0,0,0,0.9157142857142857,0,0,22.892857142857142,2.7471428571428573,0
1.0683333333333334,0,0,0,82.26333333333334,0,15.490833333333333,0,0,10.149166666666666,0,0,0,0,0,0,0,2.1366666666666667,0,3.7391666666666667,0,0,17.094166666666666,0,0,57.69166666666667,11.751666666666667,0,599.3575,4.8075,0,0,35.255833333333335,3.7391666666666667,0,0,0,0,0,0,0,0,0,12.285833333333333,1.0683333333333334,0,0,0,0,0,0,0,57.69166666666666,0,366.9866666666667,0,0,2.1366666666666667,13.888333333333334,0,0,0,0,0,0,0,14.423333333333334,0,0.5341666666666667,0,0,0,0,0,0,308.225,2018.1625000000001,0,0,0,0,10.683333333333334,0,0,0,0.5341666666666667,0.5341666666666667,0.5341666666666667,0,0,0,0,0,0,0,0,0,0,0,0,0,0,0,0,0,0,2063.568333333333,1.0683333333333334,0,0,0,0
0,0,0,5.8758333333333335,19.765,0,5.8758333333333335,0,0,106.83583333333333,0,0,0,0,0,0,0,0,0,0,0,0,0.5341666666666667,0,5.341666666666667,0,3.7391666666666667,0,2111.6458333333335,0,0,0,0,0,0,0,0,0,0,0,0,0,0,0.5341666666666667,0,461.53833333333336,0,0,0,0,0,0,69.97833333333334,9.080833333333334,0,0,0,0,0,0,0,0,490.385,0,0,77.99166666666666,0,0,0,0,0,0,1.6025,0,0,7787.390833333333,940.1708333333333,8.546666666666667,0,1.0683333333333334,2.670833333333333,0,0.5341666666666667,0,9.615,0.5341666666666667,0,0,0,0,0.5341666666666667,0,0,0,0,0,0,0,0,0,0,0,0,0,0,0,2691.775,0,0,0,0,0
0,0,0,0,0,0,1.0683333333333334,0,0,0,0,0,0,0,0,0,0,0,0,0,0,0,0,0,0,0,0,0,752.6708333333333,0,0,0,0,0,0,0,0,0,0,0,0,0,0,0,0,0,0,0,1.0683333333333334,0,0,1.0683333333333334,0,55.02166666666667,0,0,0,0,0,0,0,0,0,0,0,0.5341666666666667,0,0,0,0,0,5.8758333333333335,0,0,0,2.1366666666666667,1.0683333333333334,2.6708333333333334,0,0,0,0,2.1366666666666667,0,0,0,0,0,0,0,0,0,0,0,0,0,0,0,0,0,0,0,0,0,0,0,2.6708333333333334,0,0,64.635,393.6958333333333,0
1.6025,0,0,0,71.04583333333333,0,9.615,0,0,0,15.490833333333333,0,0,0,0,0,1.0683333333333334,2.1366666666666667,0,1.0683333333333334,0,0,51.281666666666666,0,1.0683333333333334,77.99166666666666,15.490833333333333,0,280.9825,498.39750000000004,0,0.5341666666666667,35.255,3.205,0,0,0,0,26.70916666666667,0,0,0,0.5341666666666667,4.273333333333333,4.273333333333333,0,0,0,0,0,0,0,73.7175,0,207.26416666666665,0,0,1.6025,3.7391666666666667,0,0,0,0,0,0,0,2.6708333333333334,0,0.5341666666666667,0,0,0,0,0,0,212.07166666666666,1276.7083333333333,0,0,0,0,35.255833333333335,0,0,0,0,0,3.205,0,1.0683333333333334,0,0,0,0.5341666666666667,0,0.5341666666666667,0,0,0,0,0,0,0,0.5341666666666667,0,0,3986.110833333333,4.8075,0,0,0,0
0,0,0,0,43.8025,0,0.5341666666666667,0,0,0,183.76,2.670833333333333,0,0,0,0,1.0683333333333334,0,0,2.1366666666666667,0,0,0,0,0,0,1.0683333333333334,0,1003.2049999999999,25.106666666666666,0,8.546666666666667,0,0,0,0,0,0,1755.8766666666668,2.1366666666666667,0,0,0,0.5341666666666667,0,214.20916666666668,0,0,0,0,0,0,80.66083333333333,4.273333333333333,0.5341666666666667,0,0,0,2.1366666666666667,0,0,0,13.355,0,0,0,0,0,0.5341666666666667,0,0,0,0,0,0,1951.9225000000001,10219.550833333333,0,0,0,0,1.6025,0,0,3.205,0,0,0.5341666666666667,0,0,1.0683333333333334,0.5341666666666667,0.5341666666666667,0.5341666666666667,0,1.0683333333333334,0,0,0,0,0,0,0,0,0,0,2159.7233333333334,0,0,0,0,0
0,0,0,1.6025,0.5341666666666667,0,9.080833333333334,0,0,0,7.4783333333333335,0,0,0,0,0,0,0,0,0,0,0,0,0,0,0,0,0,694.445,0,0,0,0,0,0,0,0,0,2.6708333333333334,0,0,0,0,0,0,0,0,0,0,0,0,0,0,74.25083333333333,0,0,0,1.0683333333333334,0,0,0,0,0,0,0,0,0,0,0,0,0,0,0,0,0,3.7391666666666667,4473.2908333333335,0.5341666666666667,0,0,0,0,0,1.0683333333333334,1.0683333333333334,0,0,1.0683333333333334,0,0.5341666666666667,0,0,0,0,0,0,0,0,0,0,0,0,0,0,0,0,6.41,0,0,3.205,0,0
1.7481818181818183,0,0,0,29.136363636363637,0,8.74090909090909,9.323636363636364,0,12.82,0,105.47727272727273,0,0,0,0,6.992727272727273,0.5827272727272728,0,2.9136363636363636,599.6490909090909,0,145.10454545454544,340.90818181818184,2.330909090909091,149.18272727272728,17.482727272727274,0,131.7018181818182,87.99545454545455,0,1.7481818181818183,8.74090909090909,0.5827272727272728,0,0,0,0,5.244545454545455,0,0,0,1.1654545454545455,3.4963636363636366,8.158181818181818,0,0,0,0,0,0,0,28.554545454545455,0,438.8118181818182,0,0,22.727272727272727,5.827272727272727,0,0,0,0,0,0,0,0.5827272727272728,0,0,0,0,0,0,0,0,13.985454545454544,60.60545454545455,0,0,0,0,8.74090909090909,0,0,0,0.5827272727272728,0,12.237272727272726,0,0,0,0,0.5827272727272728,2.330909090909091,0,0,0,0,0,0,0.5827272727272728,0,0,0.5827272727272728,0,0,2554.197272727273,1.1654545454545455,0,0,0,0
1.1654545454545455,0,0,0,69.34636363636363,0,3.4963636363636366,0.5827272727272728,0,184.15,0,0,0,0,3.496363636363636,2.9136363636363636,0,0,0,0.5827272727272728,1.1654545454545455,0,1.1654545454545455,101.9809090909091,0,0,0,0,2.330909090909091,6.41,0,16.89909090909091,0,0,0,0,0,0,1961.5381818181818,1.1654545454545455,0.5827272727272728,0,0,1.1654545454545455,0.5827272727272728,64.10181818181817,0,0,0,0,0,0,61.18727272727273,0,2.330909090909091,0,0,2.330909090909091,1.7481818181818183,0,0,0,0,0,0,0,0,0,16.89909090909091,0,0,0,0,0,0,3050.7000000000003,6312.354545454546,0,0,0,0,6.41,0,0,0,0,0,1.1654545454545455,0,0,0,6.992727272727272,0.5827272727272728,1.1654545454545455,0,0,0,0,0,0,0,0,0,0.5827272727272728,0,0,3743.590909090909,0,0,0,0,0
0,0,0,0,6.41,0,17.48181818181818,22.143636363636364,0,518.9381818181819,0,0,0,0,0,0,0,0,0,0,0,0,0,5.244545454545454,0,0,0.8745454545454545,0,979.8963636363636,0,0,1.4572727272727273,0,0,0,0,0,0,331.58454545454543,0.5827272727272728,0,0,0,0,0,1.7481818181818183,0,0,0,0,0,0,0,4.079090909090909,0,0,0,10.489090909090908,0,0,0,0,0,0,0,0,0,0,0,0,0,0,0,0,0,59.731818181818184,4122.376363636364,0,0,1.1654545454545455,0,0,0,0,0.5827272727272728,0,0,1.1654545454545455,0,0,0,0,0,3.496363636363636,0.5827272727272728,0,0,0,0,0,0,0,0,0,0,0,498.25272727272727,0,0,0,0,0
0,0,0,0,65.17166666666667,0,0.5341666666666667,11.751666666666667,0,2.6708333333333334,0,2.1366666666666667,0.5341666666666667,0,0,0,0.5341666666666667,2.670833333333333,0,0,472.7558333333333,0,62.498333333333335,246.25916666666666,30.448333333333334,76.38833333333334,5.8758333333333335,0,136.75166666666667,3.7391666666666663,0,0,10.149166666666666,1.0683333333333334,0.5341666666666667,0,0,0,10.683333333333334,0,2.1366666666666667,0,0,0,4.8075,0,0,0,0,0,0,0,13.888333333333332,0,89.20916666666666,0,0,40.064166666666665,98.29,0,0,0,0,0,0,0,3.205,0,0,0,0,0,0,0,0,6.944166666666667,1558.2258333333334,0,0,0,0,8.0125,0,0,0,0.5341666666666667,0,16.559166666666666,0.5341666666666667,0,0,3.205,5.8758333333333335,0,0.5341666666666667,0,0,0,0,0,0,0,0,1.6025,0,0,1469.0183333333334,5.8758333333333335,0,0,0,0
0,0,0,0,50.7475,0,0,22.435833333333335,0,213.14166666666665,0,8.546666666666667,0,0,0,0,0,1.0683333333333334,0,0,15.490833333333335,0,0.5341666666666667,79.05833333333334,0,0,0.5341666666666667,0,9.080833333333334,0,0,4.8075,6.41,0,0.5341666666666667,0,0,0,347.7575,0,0,0,0.5341666666666667,0,0,1.6025,0,0,0,0,0,0,30.9825,0,8.0125,0,0,0,5.341666666666667,0,0,0,0,0,0,0,0,0,1.0683333333333334,0,0,0,0,0,0,7885.15,13740.92,0,0,0,0,0.5341666666666667,1.0683333333333334,0,0.5341666666666667,0,0,0,0,0,0,0.5341666666666667,0,0,0.5341666666666667,0,0,0,0,0,0,0,0,0,0,0,5113.248333333333,0,0,0,0,0
0,0,0,11.2175,9.080833333333334,0,0,22.969166666666666,0,612.7133333333334,0,0,0,0,0,0,0,0,0,0,0,0,0,2.6708333333333334,0,0,0,0,105.23416666666667,15.491666666666667,0,2.6708333333333334,0,0,0,0,0,0,586.0058333333334,0,0,0,0,0,0,16.025,0,0,0,0,0,0,0,12.285833333333333,0,0,0,2.6708333333333334,0,0,0,0,4.8075,0,0,1.0683333333333334,0,0,0,0,0,0,0,0,0,204.59416666666667,5338.141666666666,0,0,0,0,0,0,2.1366666666666667,1.0683333333333334,0,0,0.5341666666666667,0,0,0,0,0,0.5341666666666667,0,0,0,0,0,0,0,0,0,0,0,0,2573.1858333333334,0,0,10.683333333333334,3.205,0
1.1654545454545455,0,0,0,119.46272727272728,0,0.5827272727272728,19.23,1.1654545454545455,5.827272727272727,0,5.244545454545455,1.1654545454545455,0,0,0,4.661818181818182,2.330909090909091,0,8.158181818181818,354.8954545454545,0,42.54090909090909,255.24363636363637,17.48181818181818,61.18818181818182,12.237272727272728,0,62.35272727272727,2.9136363636363636,0,0,99.65,7.575454545454545,0.5827272727272728,0,0,0,16.316363636363636,0,1.1654545454545455,0,6.992727272727273,0,1.7481818181818183,0,0,0,0,0,0,0,4.079090909090909,0,705.1272727272727,0,0,1.1654545454545455,44.87090909090909,0,0,0,0,0,0,0,0,0,0,0,0,0,0,0,0,23.89181818181818,821.6781818181818,0,0,0,0,6.41,0,0,0,0,0.5827272727272728,0,0,0,0,0,0,0,0,0,0,0,0,0,0,0,0,1.7481818181818183,0,0,501.74727272727273,13.985454545454546,0,0,0,0
0,0,0,2.9136363636363636,34.96454545454545,0,0,8.74090909090909,7.575454545454545,156.17636363636365,0,4.661818181818182,0,0,0,0,0,1.1654545454545455,0,0,13.986363636363636,0,0,45.45454545454545,0.5827272727272728,0,0,0,1.7481818181818183,0,0,0,0,0,0,0,0,0,222.61,0,0,0,0,0,0,678.9036363636365,0,0,0,0,0,0,19.23,0,23.310000000000002,0,0,0,0,0,0,0,76.3409090909091,0,0,9.906363636363636,0,0,0.5827272727272728,0,0,0,0,6.41,0,2258.74,6871.795454545454,2.330909090909091,0,0,9.323636363636362,0,1.1654545454545455,0,8.158181818181818,0,0,0,0,0,0,0,0,0,0,0,0,0,0,0,0,0,0,0,0,0,3772.1445454545456,0,0,0,0,0
0,0,0,2.330909090909091,0,0,0,0,0,11.654545454545454,0,0,0,0,0,0,0,0,0,0,0,0,0,2.330909090909091,0,0,0,0,81.00090909090909,0,0,0.5827272727272728,0,0,0,0,0,0,265.1527272727273,0,0,0,0,0,0,11.654545454545454,0,0,16.89909090909091,0,0,0.5827272727272728,0,43.121818181818185,0,0,0,0,0,0,0,0,115.96727272727273,0,0,9.323636363636364,0,0,0,0,0,89.74272727272727,0.5827272727272728,1011.6554545454545,0,4.079090909090909,12.82,175.9909090909091,0,0.5827272727272728,0,0,3.4963636363636366,0,5.244545454545455,0,0,0,0,0,0,0,0,0,0,0,0,0,0,0,0,0,0,0,0,0,300.6990909090909,0,0,78.08909090909091,588.5772727272728,0
2.9136363636363636,0,0,0,149.76636363636365,0,0,71.09545454545454,0,10.48909090909091,0,0,3.496363636363636,0,0.5827272727272728,8.158181818181818,5.827272727272727,15.733636363636363,0,25.64,481.93454545454546,0,271.5609090909091,657.9263636363636,83.91545454545454,146.26909090909092,46.61909090909091,0,206.87545454545455,8.158181818181818,0,0.5827272727272728,75.17363636363636,6.41,2.9136363636363636,0,0,0,210.95454545454547,1.1654545454545455,3.496363636363636,0,2.9136363636363636,0,0.5827272727272728,0,0,0,0,0,0,0,132.86636363636364,0,630.5354545454545,0,0,10.489090909090908,13.985454545454544,0,0,0,0,0,0,0,0,0,0.5827272727272728,0,0,0,0,0,0,192.30727272727273,2320.513636363636,0,0,92.65636363636364,0,2.330909090909091,0,0,0,0,1.1654545454545455,1.1654545454545455,0,0,0,0,0,0,0,0,0,0,0,0,0,0,0,2.330909090909091,0.5827272727272728,0,680.0690909090908,16.316363636363636,0,0,0,0
0,0,0,5.244545454545455,16.89909090909091,0,0,0.5827272727272728,0,20.97818181818182,0,0.5827272727272728,2.9136363636363636,0,0,0,0,0,0,0.5827272727272728,0.5827272727272728,0,0.5827272727272728,73.42636363636363,0.5827272727272728,0.5827272727272728,1.7481818181818183,0,19.812727272727273,0,0,0,0,0,0,0,0,0,194.63818181818183,5.244545454545455,1.1654545454545455,0,0,0,0,1767.4827272727273,0,0,0.5827272727272728,0,0,0,13.985454545454544,0,4.661818181818182,0,0,0,0,0,0,0,72.26181818181819,0,1.1654545454545455,0,0,0,0,0,0,0,0,0,0,5082.169090909091,6963.870909090909,0.5827272727272728,0,152.68,2.9136363636363636,0.5827272727272728,0,0,10.48909090909091,0,0,0,0,0,0,0,0,0,0,0,0,0,0,0,0,0,0,0,0,0,1184.730909090909,0,0,0,0,0
0,0,0,2.6708333333333334,2.670833333333333,0,0,0,0,0,0,0.5341666666666667,0,0,0,0,0,0,0,0,0,0,0,1.0683333333333334,0,0.5341666666666667,0.5341666666666667,0,138.35333333333332,0,0,0,0,0,0,0,0,0,40.5975,0,0,0,0,0,0,127.13666666666667,2.1366666666666667,0,4.273333333333333,0,0,3.7391666666666667,0.5341666666666667,62.498333333333335,0,0,0,0,0,0,0,0,1171.4733333333334,118.05499999999999,0,1.6025,0,0,0,0.5341666666666667,0,2.1366666666666667,0,16.025,0,2.6708333333333334,4.273333333333333,57.6925,0,0,9.080833333333334,0,3.7391666666666667,2.1366666666666667,4.273333333333333,0,0,0,0,0.5341666666666667,0,0,0,0,0,0,0,0,0,0,0,0,0,0,0,0,44.87,0,0,50.21333333333333,354.7008333333333,0
0,0,0,0,121.79333333333334,0,0.5341666666666667,7.4783333333333335,0,3.205,0,0,0,0,0,1.0683333333333334,0,2.1366666666666667,2.1366666666666667,0.5341666666666667,129.27416666666667,0.5341666666666667,73.7175,347.75666666666666,48.07666666666667,307.69083333333333,28.845833333333335,0,135.14833333333334,3.205,0,0,25.64,6.944166666666667,5.341666666666667,0,0,0,693.9108333333334,0,2.6708333333333334,0,0.5341666666666667,0,0.5341666666666667,0,0,0,0,0,0,0,16.559166666666666,0,65.17166666666667,0,0,8.0125,12.82,0,0,0,0,0,0,0,0,0,0,0,0,0,0,0,0,256.9433333333333,1456.195,0,0,811.43,0,0.5341666666666667,0,0,0,0,0,0.5341666666666667,0,0,0,0,1.0683333333333334,0,0,0,0,0,0,0,0,0,0,0,0,0,985.5775,5.341666666666667,0,0,0,0
0,0,0,4.273333333333333,11.217500000000001,0,0,0,0,4.8075,0,0.5341666666666667,0,0,0,0,0,1.0683333333333334,0,0,0,0.5341666666666667,0,54.48583333333333,0,0,2.1366666666666667,0,38.995,0,0,0.5341666666666667,0,0,0,0,0,0,285.79,2.1366666666666667,0,0,0,0,0,2696.0475,0,0,0,0,0,0,1.6025,0,0,0,0,0,0,0,0,0,59.829166666666666,4.8075,0,53.4175,0,0,0,1.0683333333333334,0,0,0,2.1366666666666667,0,1818.3766666666668,263.355,2.1366666666666667,0,91.34583333333333,4.273333333333333,0,2.1366666666666667,0.5341666666666667,17.094166666666666,0,0,0,0,0,0,0,0,0,0,0,0,0,0,0,0,0,0,0,0,0,819.4433333333333,0,0,0,0,1407.05
0,0,0,0,0,0,0,0,0,0,0,0,0,0,0,0,0,0,0,0,0,0,0.5341666666666667,1.0683333333333334,0,1.6025,0.5341666666666667,0,289.53,0,0,0,0,0,0,2.6708333333333334,0,0,7.4783333333333335,0,0,0,0,0,0,28.845833333333335,0.5341666666666667,1.0683333333333334,0.5341666666666667,0,0,1.6025,0,29.913333333333334,0,0,0,0,0,0,0,0,110.04249999999999,383.5466666666667,0,0.5341666666666667,0,0,0,0,0,21.3675,0,0,0,32.58583333333333,3.7391666666666663,1.6025,0,0.5341666666666667,0.5341666666666667,0,3.2049999999999996,0,3.205,0,0,0,0,0,0,0,0,0,0,0,0,0,0,0,0,0,0,0,0,0,21.3675,0,0,75.31916666666666,43.80166666666667,2603.6325
1.0683333333333334,0,0,0,51.815,0,0,1.0683333333333334,0.5341666666666667,1.0683333333333334,0,0,0.5341666666666667,0,0,0,1.0683333333333334,0,0,2.6708333333333334,38.46083333333333,0,5.341666666666667,241.98666666666668,17.6275,32.05083333333333,1.0683333333333334,0,52.35,0.5341666666666667,0,0,5.8758333333333335,13.888333333333332,0,0,0,0,288.995,0,6.944166666666666,0,1.6025,0,0,0.5341666666666667,0,0,0,0,0,0,19.23,0,12.82,0,0,0.5341666666666667,12.285833333333333,0,0,0,0,0,0,0,1.0683333333333334,0,0,0,0,0,0,0,0,32.585,339.7425,0,0,620.1916666666667,0,0,0,0,0,0,0,0,0,0,0,0,0,0,0,0,0,0,0,0,0,0,0,0,0.5341666666666667,0,1368.0558333333333,0,0,0,0,0
0,0,0,0,0.5827272727272728,0,0,0,0,1.1654545454545455,0,0,0,0,0,0,0,0,0,0,0,0,0,25.64090909090909,0,0,1.1654545454545455,0,106.06,0,0,0,0,0,0,0,0,0,175.40727272727273,0,0,0,0,0,0,6146.853636363637,0,0,0,0,0,0,5.244545454545455,0,0,0,0,0,0,0,0,0,62.93636363636364,5.244545454545455,2.330909090909091,16.316363636363636,0,0,1.7481818181818183,0,0,0,0,13.402727272727274,0,100.81545454545454,39.626363636363635,2.9136363636363636,0,100.81636363636363,0.5827272727272728,0,1.7481818181818183,1.1654545454545455,20.979090909090907,0,0,0,0,0,0,0,0,0,0,0,0,0,0,0,0,0,0,0,0,0,160.8390909090909,0,0,0,0,451.63
0,0,0,0,0,0,0,0,0,0,0,0,0,0,0,0,0,0,0,0,0,0,0,0,0,0,0,0,23.504166666666666,0,0,0,0,0,0,3.205,0,0,0,0,0,0,0,0,0,0.5341666666666667,0,0.5341666666666667,4.8075,0,2.6708333333333334,0,0,7.4783333333333335,0,0,0,0,0,0,0,0,127.67083333333333,184.8275,0,1.0683333333333334,0,0,0,0.5341666666666667,0,4.8075,0,1.0683333333333334,0,0,0,0.5341666666666667,0,0,0,0,0.5341666666666667,0.5341666666666667,0,0,0,0,0,0,0,0,0,0,0,0,0,0,0,0,0,0,0,0,0,0,0,0,0,11.217500000000001,9.080833333333333,4312.5
0,0,0,0,30.625555555555554,0,0,0.7122222222222222,0,0.7122222222222222,0,0,0,0.7122222222222222,0,0,0.7122222222222222,0,0,0,42.022222222222226,0,4.273333333333333,76.21,29.913333333333334,7.834444444444443,4.985555555555555,0,15.66888888888889,3.5611111111111113,0,0,2.1366666666666667,5.697777777777778,0,0,0,0,98.28888888888889,0,1.4244444444444444,0,0.7122222222222222,0,0,2.1366666666666667,0,0,0,0,0,0,11.395555555555555,0,7.834444444444444,0,0,0,2.1366666666666667,0,0,0,0,0,0,0,0,0,0,0,0,0,0,0,0,7.834444444444444,73.36111111111111,0,0,22.07888888888889,0,0,0,0,0,0,0,0,0,0,0,0,0,0,0,0,0,0,0,0,0,0,0,0.7122222222222222,0,0,1995.0122222222221,0,0,0,0,0
0,0,7.692,0,1.282,0,0,0,0,1.282,0,8.333,0,0,0,0,0,0,0,0,0,0,0,18.589,0,0,2.564,0,24.358,0,0,1.282,0,0,0,0,0,0,92.307,2.564,0,0,0,0,0,5675,0,0,0,0,0,0,1.923,0.641,0,5.128,0,0,0,0,0,0,75.641,5.128,0.641,5.128,0,0,1.282,0,0,0,0,1.282,0,11.538,34.615,0,0,110.897,1.282,0,0,0,14.743,0,0,0,0,0,0,0,0,0,0,0.641,0,0,0,0,0,0,0,0.641,0,0,194.23,0,0,0,0,118.589
0,0,0,0,0,0,0,0,0,0,0,0,0,0,0,0,0,0,0,0,0,0,0,0,0,0,0,0,1.282,0,0,0,0,0,0,0,0,0,0,0,0,0,0,0,0,0,0,0.641,1.923,0,5.769,0.641,0,3.205,0,0,0,0,0,0,0,0,85.896,375.64,0,0,0,0,0,0,0,1.282,0,0.641,0,0,0,1.923,0,0.641,0,0,0,0,0,0,0,0,0,0,0,0,0,0,0,0,0,0,0,0,0,0,0,0,0,0,0,0,0,4.487,0,2660.257
3.7391666666666667,0,0,0,54.48583333333333,0,0,0.5341666666666667,0,0,0,0,2.1366666666666667,0,0,0,1.0683333333333334,0,0,0,67.3075,0,0.5341666666666667,143.695,27.2425,21.366666666666667,0,0,8.546666666666667,0.5341666666666667,0,0,2.1366666666666667,3.7391666666666667,0,0,0,0,83.86666666666666,0,10.149166666666666,0,1.0683333333333334,0,0,0,0,0,0,0,0,0,8.0125,0,10.149166666666666,0.5341666666666667,0,0,2.1366666666666667,0,0,0,0,0.5341666666666667,0,0,0,0,0,0.5341666666666667,3.7391666666666667,0,0,0,0,81.19500000000001,155.44916666666666,0,0,498.93,0,0,0,0,0,0,0,0,0,0,0,0,0,0,0,0,0,0,0,0,0,0,0,1.0683333333333334,0,3.205,3580.6625,0.5341666666666667,0.5341666666666667,0,0,0
0,0,36.858333333333334,0,1.6025,0,0,0,0.5341666666666667,0.5341666666666667,0,0,0,0,0,0,0.5341666666666667,0,0,0,0,0,0,19.764166666666668,1.0683333333333334,0.5341666666666667,2.1366666666666667,0,62.5,0,0,0,0,0,0,0,0,0,41.130833333333335,1.6025,0,0,0,0,0,3303.9541666666664,0,0,0,0,0,0,7.4783333333333335,0,0,878.7391666666666,0,0,0,0,0,0,225.42749999999998,24.0375,28.845000000000002,79.59416666666667,0,0,0,6.944166666666667,24.038333333333334,0,0,10.683333333333334,0,141.56,13.888333333333334,3.205,0,198.1825,10.683333333333334,0,6.944166666666667,1.0683333333333334,4.273333333333333,0,0,0,0,0,0,0,0,0,0,0,0,0,0,0,0,0,0,0,0,0,627.1375,0,0,0.5341666666666667,0,350.96166666666664
0,0,0,0,0,0,0,0,0,0,0,0,0,0,0,0,0,0,0,0,0,0,0,0,0,0,0,0,0.5827272727272728,0,0,0,0,0,0,5.244545454545455,0,0,0,0,0,0,0,0,0,1.7481818181818183,4.079090909090909,15.15090909090909,6.41,0,4.661818181818182,0.5827272727272728,0,4.661818181818182,0,0.5827272727272728,0,0,0,0,0,0,907.3409090909091,2506.993636363636,0,1.7481818181818183,0,0,0,0,0,4.079090909090909,0,40.79272727272727,0,0,0,50.7,0,0,1.1654545454545455,0,0,0.5827272727272728,0,0,0,0,0,0,0,0,0,0,0,0,0,0,0,0,0,0,0,0,0,0,0,0,0,4.079090909090909,0,2041.3745454545453
0,0,0,0,51.86363636363636,0,0,2.9136363636363636,1.1654545454545455,11.071818181818182,0,0,0,0,0,0,0,0,0,0,19.23,0,0,56.526363636363634,0.5827272727272728,5.244545454545455,0,0,25.64090909090909,0,0,0,0,5.827272727272727,0,0,0,0,281.4681818181818,0,13.986363636363636,0,1.7481818181818183,0,0,0,0,0,0,0,0,0,2.330909090909091,0,50.698181818181816,74.00909090909092,0,0,2.330909090909091,0,0,0,0,0.5827272727272728,0,0,0,0,0,0,0,0,0,0,0,745.3372727272728,962.7027272727273,0,0,485.4318181818182,0,0,0,0,0,0,0,0,0,0,0,0,0,0,0,0,0,0,0,0,0,0,0,0,0,4.661818181818182,1704.5454545454545,0,0,0,0,0
0,0,25.106666666666666,0,11.751666666666667,0,0,4.273333333333333,8.546666666666667,0,0,0,0,0,0.5341666666666667,0,0.5341666666666667,0,0,0,0,0,0,4.8075,0.5341666666666667,2.1366666666666667,1.0683333333333334,0,68.37583333333333,0,0,0,0,0,0,0,0,0,13.888333333333334,21.366666666666667,0,0,0,0,0,847.2208333333333,0,0,0,0,0,0,6.944166666666667,0,0,3371.2616666666668,0,0,0,0,0,0,283.65250000000003,15.490833333333333,54.486666666666665,40.598333333333336,0,0,0,41.666666666666664,37.92666666666667,0,0,4.8075,0,977.03,29.38,2.1366666666666667,0,344.55,51.815000000000005,0,8.0125,0.5341666666666667,12.82,0,0,0,0,0,0,0,0,0,0,0,0,0,0,0,0,0,0,0,0,0,165.5975,0,0,0,0,624.465
0,0,0,0,0,0,0,0,0,0,0,0,0,0,0,0,0,0,0,0,0,0,0,0,0,0,0,0,0,0.5827272727272728,0,0,0,0,0,2.9136363636363636,0,0,0,0,0,0,0,0,0,1.1654545454545455,0.5827272727272728,24.474545454545456,21.560909090909092,0,4.661818181818182,2.330909090909091,0,30.884545454545453,0,0,0,0,0,0,0,0,189.97545454545454,972.6109090909091,0,1.7481818181818183,0,0,0,0.5827272727272728,0.5827272727272728,58.85727272727273,0,13.985454545454546,0,0,0.5827272727272728,20.978181818181817,0,1.1654545454545455,0,0,3.496363636363636,0,0,0,0,0,0,0,0,0,0,0,0,0,0,0,0,0,0,0,0,0,0,0,0.5827272727272728,0,0,12.237272727272728,0,2216.7827272727272
1.0683333333333334,0,0,0,55.553333333333335,0,0,3.2049999999999996,4.8075,2.1366666666666667,0,0,0,7.4783333333333335,0,0,0,1.0683333333333334,0,0,28.845,0,0,72.64916666666666,3.7391666666666663,5.341666666666667,0,0,7.4783333333333335,0.5341666666666667,0,0,0.5341666666666667,5.341666666666667,0,0,0,0,145.83249999999998,0,8.0125,0,0,0,0,0,0,0,0,0.5341666666666667,0,0,17.6275,0,67.84083333333334,221.6875,0,0,2.1366666666666667,0,0,0,0,0,0,0,0,0,0.5341666666666667,0,0,0,0,0,0,133.5475,180.02083333333331,0,0,1122.8633333333332,0,0,0,0,0,0,0,0,0,0,0,0,0,0,0,0,0,0,0,0,0,0,0,1.0683333333333334,0,8.546666666666667,1338.6758333333332,2.1366666666666667,2.1366666666666667,0,0,0
0,0,42.73416666666667,0,3.205,0,0,2.1366666666666667,0,0,0,0,1.0683333333333334,0,0,0,1.6025,0,0.5341666666666667,0,0,0,0,9.080833333333333,0,3.7391666666666663,22.969166666666666,0,617.5208333333334,2.6708333333333334,4.273333333333333,1.0683333333333334,0,0,0,0,0,0,17.6275,6.944166666666667,0,0,0,0,0,871.7933333333333,0,0,0,28.845,0,0,29.379166666666666,1.0683333333333334,0,1261.7525,0,0.5341666666666667,0,0,0,2.1366666666666667,129.27333333333334,334.93583333333333,11.2175,2.6708333333333334,0,0,0,2.1366666666666667,18.1625,0,0,98.82416666666667,0,63.568333333333335,36.32416666666667,43.803333333333335,0,279.9141666666667,6.41,0,1.0683333333333334,0,9.615,1.0683333333333334,0,0,0,1.0683333333333334,0,0,0,0,0,0,0,0,0,0,0,0,0,0,0,0,145.29749999999999,0,0,0,0,601.4958333333333
0,0,0,0,0,0,0,0,0,0,0,0,0,0,0,0,0,0,0,0,0,0,0,0,0,0,0,0,0,0,0,0,0,0,0,7.4783333333333335,0,0.5341666666666667,0,0,0,0,0,0,0,0,2.6708333333333334,2.1366666666666667,9.615,3.205,10.683333333333334,0,0.5341666666666667,10.683333333333334,0,1.6025,0,0,0,0,0,0,577.4566666666667,550.2133333333334,0,1.6025,0,0,0,0,0,19.23,0,634.08,1.0683333333333334,0,0,24.0375,0,2.6708333333333334,0,0,0.5341666666666667,0,1.0683333333333334,0,0,0,0,0,0,0,0,0,0,0,0,0,0,0,0,0,0,0,0,0,0,0,0,6.944166666666667,0,2915.6
13.888333333333334,0,0.5341666666666667,0,192.84166666666667,0,0,17.6275,16.559166666666666,33.653333333333336,0,0,0,18.161666666666665,0,2.1366666666666667,0.5341666666666667,0,0,0,248.93166666666667,0,10.149166666666666,182.69166666666666,50.21333333333333,142.6275,3.2049999999999996,0,43.26833333333333,0,0.5341666666666667,0,4.273333333333333,6.944166666666667,0,0,0,0,506.94416666666666,0,55.02083333333333,0,1.0683333333333334,0,0,0,0,0,0,0,0,0,24.571666666666665,0,1444.9775,333.86833333333334,0,2.1366666666666667,13.354166666666668,0,0,0.5341666666666667,0,0,0,0,1.6025,0,0,0,0,0,0,0,0,144.76500000000001,215.81166666666667,0,0,608.4391666666667,0,4.8075,0,0,0.5341666666666667,0,0,5.341666666666667,0,0,0,0,0,0,0,0,0,0,0,0,0.5341666666666667,0,0,8.0125,0,27.776666666666667,3187.5,14.423333333333334,6.41,0,0,0
0,0,21.3675,0,9.080833333333333,0,0,3.7391666666666667,3.205,6.944166666666667,0,0,0,1.0683333333333334,0,0,11.751666666666667,0,0.5341666666666667,0,0,0,0,84.935,0.5341666666666667,0,22.969166666666666,0,1224.8941666666667,10.149166666666666,149.57333333333332,3.205,0,0,0.5341666666666667,0,0,0,158.12,6.944166666666667,0,0,0,0,0,863.2483333333333,0,0,0,392.09416666666664,0,0,75.31916666666666,0,1.0683333333333334,1455.6633333333334,0,2.1366666666666667,0,0,0,0,16.025,134.615,1.0683333333333334,0,0,0,0,0,0,0,0,2.670833333333333,0,208.8675,1557.1583333333333,2.1366666666666667,0,915.5991666666666,0,0,0,0,5.8758333333333335,1.0683333333333334,0,2.670833333333333,0,11.217500000000001,2.1366666666666667,0,2.1366666666666667,0,4.273333333333333,0,0,0,0,0,0,0,0,0,0,0,99.8925,0,0,0,0,527.7766666666666
0,0,0.5341666666666667,0,0,0,0,0,0,0,0,0,0,0,0,0,0,0,0,0,0,0,0,0,0,0,0,0,1.0683333333333334,0.5341666666666667,0,0,0,0,0,20.299166666666668,3.205,14.956666666666667,0,0,0,0,0,0,0,2.1366666666666667,2.1366666666666667,1.0683333333333334,0.5341666666666667,40.0625,4.8075,0,0.5341666666666667,6.41,0,4.273333333333333,0,0.5341666666666667,0,0,0,3.7391666666666667,20.299166666666665,136.2175,0,0.5341666666666667,0,0,0,0,0,0,0,415.5983333333333,0,0,0,4.273333333333333,0,10.149166666666666,0,0,0,0,1.0683333333333334,0,0,0,0,0,0,0,0,0,1.6025,0,0,0,0,0,0,0,0,0,0,0,0,0,0,1.6025,0,484.50916666666666
3.205,0,0,0,103.63083333333333,0,0,41.66583333333333,30.447499999999998,16.025,0,0,0,8.0125,2.1366666666666667,0,2.1366666666666667,5.341666666666667,0,0,207.265,0,40.06333333333333,338.1408333333333,0,69.97833333333334,3.205,0,106.8375,0,0,0,20.8325,7.4783333333333335,0.5341666666666667,0,0,0,320.5108333333333,0,14.956666666666667,0,4.8075,0,0,0,0,0,0,0,0,0,5.8758333333333335,0,2162.394166666667,248.93,0,2.6708333333333334,10.149166666666666,0,0,0,0,0,0.5341666666666667,0,3.7391666666666667,0,1.0683333333333334,0,0,0,0,0,0,686.4316666666667,1423.0775,0,0,1889.4241666666667,0,7.4783333333333335,0,0,0,0,0,0.5341666666666667,0,0,0,0,0,0,0,0,0,0,0,0,1.6025,0,0,0.5341666666666667,0,12.285833333333333,857.3708333333333,5.341666666666667,5.341666666666667,0,0,0
0,0,17.094166666666666,0,4.8075,0,0,2.6708333333333334,2.1366666666666667,6.41,0,0,0,0,0,0,0,0,0,0,0,0,0,96.6875,0.5341666666666667,0,13.888333333333332,0,372.32916666666665,2.6708333333333334,7.4783333333333335,6.41,0,0,0,0,0,0,619.6575,1.6025,0,0,0,0,0,11.217500000000001,0,0,0,200.32083333333333,0,0,15.490833333333333,0,2.1366666666666667,423.61083333333335,0,0,0,0,0,0,3.2049999999999996,95.61916666666667,0,0,0,0,5.341666666666666,0,5.8758333333333335,0,0,1.6025,0,104.7,2069.4441666666667,10.683333333333334,0,883.0116666666667,0,0,0,0,1.6025,0,0,0,0,0,0,0,0,0,0,0,0,0,0,0,0,0,0,0,0,10.683333333333334,91.34583333333333,0.5341666666666667,0,0,0,372.8616666666666
0,0,1.0683333333333334,0,0,0,0,0,0,0,0,0,0,0,0,0,0,0,0,0,0,0,0,0,0,0,0,0,134.08083333333335,0,0,0,0,0,0,0.5341666666666667,48.075833333333335,56.08833333333333,0,0,0,0,0,0,0,2.6708333333333334,0,1.0683333333333334,0,37.3925,0.5341666666666667,0,0.5341666666666667,1.0683333333333334,0,0.5341666666666667,0,0,0,0,0,3.205,3.205,595.085,0,3.205,0,0,0,0,0,23.504166666666666,0,2917.2008333333333,42.200833333333335,0,0,344.55083333333334,0,11.2175,0,0,0,0,0,0,0,0,0,0,0,0,0,0,0,0,0,0,0,0,0,0,0,0,0,0,0,0,0,1.0683333333333334,0,1934.8291666666667
11.751666666666667,0,0,0,83.3325,0,0,50.21333333333334,64.63666666666667,13.888333333333332,0,0,0,8.0125,1.6025,4.273333333333333,4.273333333333333,10.149166666666666,0,0,231.83666666666667,0,42.73416666666667,271.3666666666667,0,26.174166666666665,0.5341666666666667,0,25.105833333333333,1.0683333333333334,0,0,42.199999999999996,6.944166666666667,0,0,0,0,237.18,0,33.11833333333333,0,15.490833333333333,0,4.273333333333333,0,0,0,0,0,0,0,12.82,0,875,32.585,0,2.1366666666666667,1.0683333333333334,0,0,0,0,0,0.5341666666666667,0,49.145,0,0,0,0,0,0,0,0,28.311666666666664,133.54666666666665,0,0.5341666666666667,271.36833333333334,0,3.2049999999999996,0,0,0,0,0,1.0683333333333334,0,0,0,0,0,0,0,0,0,0,0,0,0.5341666666666667,0.5341666666666667,0,2.6708333333333334,0.5341666666666667,19.230833333333333,1066.24,2.6708333333333334,1.6025,0,0,0
0.5341666666666667,0,2.6708333333333334,0,8.546666666666667,0,0,5.341666666666667,0.5341666666666667,25.64,0,0,0,0,0,0,0.5341666666666667,0.5341666666666667,0,0,0,0,0,191.23833333333334,0,0,5.341666666666667,0,312.49916666666667,1.0683333333333334,26.709166666666665,5.341666666666667,1.0683333333333334,0,0,0,0,0,454.5941666666667,0,0,0,0,0,0,34.18666666666667,0,0,0,239.85,0,0,31.515833333333333,0,1.0683333333333334,584.4016666666666,0,18.69666666666667,0.5341666666666667,0.5341666666666667,0,0,0,8.0125,0,0,0,0,0,0,3.205,0,0,0,0,869.1241666666666,2162.391666666667,1.6025,0,1211.0041666666666,0,0.5341666666666667,0,0,0,0.5341666666666667,0,0,0,0,1.0683333333333334,0,0,8.546666666666667,1.0683333333333334,0,0,0,0,0,0,0,0,0.5341666666666667,0,11.751666666666667,544.3375,0,0,0,0,157.05083333333332
0,0,0,0,0,0,0,0.5827272727272728,0,0.5827272727272728,0,0,0,0,0,0,0,0,0,0,0,0,0,0,0,0,0,0,2.330909090909091,0,0,0,0,0,0,0,0,113.63454545454545,1.1654545454545455,0,0,0,0,0,0,2.9136363636363636,0,0,0,132.86636363636362,0,0.5827272727272728,0,1.7481818181818183,0,5.244545454545454,0,1.1654545454545455,0,0,0,0,0,283.79818181818183,0,0,0,0,0,0,0,1.1654545454545455,0,419.58,25.05818181818182,1.7481818181818183,361.30454545454546,14.569090909090908,0,283.8,0,0,0,0,0,0,0,1.1654545454545455,0,1.7481818181818183,0,0,0,0,0.5827272727272728,0,0,0,0,0,0,0,0,0,0,0,1.1654545454545455,0,0,1.7481818181818183,0,371.21363636363634
0.4008333333333333,0,0.4008333333333333,0,45.2725,0,1.2025,100.96416666666667,36.858333333333334,2.404166666666667,0,0,0,4.006666666666667,0,0,0.4008333333333333,0.8016666666666666,0,0.4008333333333333,284.055,0,52.88666666666667,168.66916666666665,5.208333333333334,215.94583333333333,8.814166666666667,4.8075,693.91,2.404166666666667,0,1.6025,80.1275,3.6058333333333334,19.230833333333333,0,0,0,321.31416666666667,0,4.006666666666667,0,2.0033333333333334,0.4008333333333333,0,0,0,0,0,0,0,0,4.4075,0,2554.0858333333335,4.0075,0,11.2175,34.85583333333334,0,0,0,0,0,0,0,0,0,0,0,0,0,0,0,0,18.43,223.95833333333334,0,0,155.44833333333332,0,0,0,0,0,0,0,20.833333333333332,0,0,6.41,1.6025,1.6025,0,2.0033333333333334,0,0,0,0,0,0.8016666666666666,0,0,0,0,17.63,735.9775,22.436666666666667,16.025000000000002,0,0,0
0,0,1.3118181818181818,0,6.12,0,0.43727272727272726,13.55,8.303636363636365,107.95545454545454,0,0,0,0,0,0,0,0.8745454545454545,0,0,30.15909090909091,0,0.8745454545454545,209.79090909090908,0,0,0,0,31.03,0.43727272727272726,0,3.497272727272727,3.0609090909090906,0,0,0,0,0,268.79636363636365,0,0,0,0,0,0,1.3118181818181818,0,0,0,24.477272727272727,0,0,2.186363636363636,0,10.49090909090909,45.018181818181816,0,12.238181818181818,0,0.43727272727272726,0,0.43727272727272726,0,2.6227272727272726,0.43727272727272726,0,0,0,1.3118181818181818,0,2.6227272727272726,0,0,0.43727272727272726,0,174.82454545454544,942.3072727272727,0,0,329.10818181818183,0,0.8745454545454545,0,0,0,0.8745454545454545,0,0,0,0.8745454545454545,0.43727272727272726,0,0,0.8745454545454545,0,0,0,0.8745454545454545,0,0,0,0,0,0.8745454545454545,0,54.196363636363635,1024.4754545454546,0,0,0,0,18.794545454545453
0,0,0,0,0,0,0,0,0,0.43727272727272726,0,0,0,0,0,0,0,0,0,0,0,0,0,0,0,0,0,0,1.748181818181818,0,0,0,0,0,0,0,0,61.625454545454545,2.186363636363636,0,0,0,0,0,0,0,0,0,0,233.39272727272729,0,0,0,0,0,2.1854545454545455,0,0,0,0,0,0.43727272727272726,0.43727272727272726,34.09090909090909,0,1.3118181818181818,0,0,0,0,0,0.43727272727272726,0,181.38181818181818,13.549090909090907,0.43727272727272726,64.68636363636364,0.43727272727272726,0,12.238181818181818,0,0,0,0.43727272727272726,0,0,0,0,0,0,0,0,0.43727272727272726,0,0.43727272727272726,0,0,0,0,0,0,0,0,0,0,0,2.186363636363636,0,0,0.43727272727272726,0,573.8645454545455
0,0,1.6025,0,59.69583333333333,0,8.0125,69.31166666666667,27.245,3.205833333333333,0,0,0,3.205833333333333,0,0,0.8016666666666666,5.609166666666667,0,0,149.04,0,22.035833333333333,214.74333333333334,1.6025,51.280833333333334,0.8016666666666666,0,131.01,8.414166666666667,0,0,30.449166666666667,6.410833333333334,0.4008333333333333,0,0,0,250.80083333333334,0,3.2066666666666666,0,1.6025,0,0,0,0,0,0,0,0,0,2.0041666666666664,0,2354.9683333333332,2.8049999999999997,0.4008333333333333,0.4008333333333333,2.0033333333333334,0,0,0,0,0,0,0,0,0,0,0,1.6025,0,0,0,0,91.7475,255.20833333333334,0,0,244.39249999999998,0,0.4008333333333333,0,0,0,0,0,0.4008333333333333,0,0,0,0,0,0,0,0,0,0,0,0,0,0,0,0.4008333333333333,0,17.628333333333334,796.4741666666666,8.414166666666667,2.404166666666667,0,0,0
0,0,10.418333333333333,0,6.010833333333333,0,0.8016666666666666,7.613333333333333,8.815,37.259166666666665,0,0,0,0,0,0,0.8016666666666666,0,0,0,69.31166666666667,0,0.4008333333333333,195.91416666666666,0,1.2016666666666667,0.4008333333333333,0,173.4775,0.4008333333333333,0,14.424166666666666,6.8125,0,0,0,0,0,1052.8841666666667,0,0.4008333333333333,0,0,0,0,0.4008333333333333,0,0,0,245.99333333333334,0,0,2.0041666666666664,0,9.616666666666667,40.865833333333335,0,0.4008333333333333,0.8016666666666666,4.0075,0.4008333333333333,0.4008333333333333,0,56.490833333333335,0,0,0,0,5.208333333333334,0,0,0,0,2.404166666666667,0,1691.1058333333333,2015.2241666666666,1.6033333333333333,0,736.7791666666667,0,0.4008333333333333,0,0,0,2.405,0,0.8016666666666666,0,0,0.8016666666666666,0,0,0,0.4008333333333333,0,0,0,0,0,0,0,0,0,0,78.12583333333333,1159.8558333333333,0,0,0,0,165.86666666666665
0,0,0,0,0,0,0,0,0,0,0,0,0,0,0,0,0,0,0,0,0,0,0,0,0,0,0,0,1.6033333333333333,0,0,0,0,0,0,0,0,19.231666666666666,3.205833333333333,0,0,0,0,0,0,0,0,0,0,268.43083333333334,0,0,0,1.6033333333333333,0,2.405,0,0,0,0,10.015833333333333,0,20.031666666666666,157.45166666666665,0,1.6033333333333333,0,0,0,0,0,0.4008333333333333,0,247.19666666666666,0.4008333333333333,2.8049999999999997,18.43,16.826666666666664,0,14.0225,0,0,0,0.4008333333333333,0,0,0,0,0,0.4008333333333333,0.4008333333333333,0,0,0,0,0,0,0,0,0,0,0,0,0,0,0,46.87500000000001,0,0,4.408333333333333,0,1632.2116666666666
1.2025,0,0,0,97.75666666666666,0,0,26.043333333333333,21.235,8.815,0,0,0,0.8016666666666666,0,0.4008333333333333,0.8016666666666666,0,1.6025,0.4008333333333333,261.6175,0.4008333333333333,36.46,390.625,0,70.91333333333333,2.405,0.4008333333333333,66.10666666666667,3.205833333333333,0.4008333333333333,0,37.259166666666665,24.440833333333334,0,0,12.820833333333333,0,616.5858333333333,0,9.615833333333333,0,6.01,0,0.8016666666666666,0,0,0,0,0,0,0,0.8016666666666666,0,3233.5725,9.215833333333334,0,0.4008333333333333,1.2025,4.8075,0,0,0,0,0,0,0,0,1.6025,0,0.8016666666666666,0,0,0,0,604.5675,847.7558333333334,0,0,499.2008333333333,0,0.4008333333333333,0,0,0,0,0,2.0033333333333334,0,0,0.4008333333333333,0,2.404166666666667,0,0,0,0,0,0,0,0.4008333333333333,0,0,2.0033333333333334,0,43.26916666666666,1663.0591666666667,9.215,2.404166666666667,0,0,0
1.6025,0,4.006666666666667,0,22.435,0,0,27.24416666666667,12.02,311.6983333333333,0,0,0,2.0033333333333334,0.4008333333333333,0.4008333333333333,0.4008333333333333,2.404166666666667,0,0.4008333333333333,216.345,0.4008333333333333,2.8049999999999997,317.3075,2.404166666666667,0.8016666666666666,4.808333333333334,0,432.69166666666666,0,0,9.215,13.621666666666666,0,0.4008333333333333,0,0,0,2127.8058333333333,0,0,0,0,0,2.0033333333333334,3.205833333333333,0,0,0,240.38416666666666,0,0,3.6058333333333334,0,3.205833333333333,54.48833333333334,0.4008333333333333,4.006666666666667,1.6025,2.404166666666667,1.2016666666666667,0,0,9.215,2.404166666666667,0,0.4008333333333333,0,3.205833333333333,0,0.4008333333333333,0,0,0,0,1893.0291666666667,2264.8233333333333,0,0.4008333333333333,903.445,0,2.404166666666667,0.4008333333333333,0,0,1.6033333333333333,0,0,0.4008333333333333,0,0.4008333333333333,1.6025,0,0.8016666666666666,0.4008333333333333,0,0,0,0,0,0.4008333333333333,0,0,0,0,219.9525,1747.1958333333334,0,0,0,0,187.49916666666667
0,0,0,0,0,0,0,0,0,0.4008333333333333,0,0,0,0,0,0,0,0,0,0,0,0,0,1.2025,0,0,0,0,69.71166666666667,0,0,0,0,0,0,0.4008333333333333,0,16.025833333333335,9.615833333333333,0.4008333333333333,0,0,0,0,0,0,0,0,0,193.10833333333332,0,0.4008333333333333,1.2016666666666667,5.609999999999999,0,0.4008333333333333,0,0.8016666666666666,0,0,2.0033333333333334,0,0,105.36916666666667,0,0,0,0,0,0.4008333333333333,0,0,0,7.611666666666666,3.205,1.2016666666666667,633.4133333333333,1.6033333333333333,0,96.15416666666667,0,0,0,0,0,0,0,0.8016666666666666,0,0,0,0,0,0,0.4008333333333333,0,0,0,0,0,0,0,0,0,0,0,6.410833333333333,0,0,1.6033333333333333,0,450.32
2.8049999999999997,0,0,0,50.88166666666667,0,3.205,13.6225,6.01,2.8049999999999997,0,0,0,2.0033333333333334,0,6.41,0,0.8016666666666666,0.4008333333333333,1.6025,201.1225,0.4008333333333333,27.645,308.0925,0,26.44333333333333,0.8016666666666666,0,127.00333333333333,4.406666666666666,0,0,28.445833333333333,15.625833333333333,0,0,0,0,599.7591666666667,0,16.8275,0.4008333333333333,3.205833333333333,0,1.6025,0,0,0,0,0,0,0,0,0,951.1208333333334,7.6125,0,9.215,10.015833333333333,0,0,0,0,0,0,0,2.0033333333333334,0,0,0,0,0,0,0,0,173.4775,376.6025,0,0,152.24416666666667,0,6.810833333333333,0,0,0,0,0,2.0033333333333334,0,0,0,0,1.6025,0,0,0,0,0,0,0,0.4008333333333333,0,0,0,0,18.829166666666666,1349.7591666666667,6.410833333333334,1.2025,0,0,0
2.404166666666667,0,0.4008333333333333,0,13.623333333333333,0,0,0.8016666666666666,5.2091666666666665,91.34666666666666,0,0,0,0,0,0,0,0,0,0,21.635833333333334,0,0.4008333333333333,85.33666666666667,0,0,1.2016666666666667,0,54.086666666666666,0,0,0.4008333333333333,4.006666666666667,0,0,0,0,0,915.0641666666667,0,0.4008333333333333,0,0,0,0,0.8016666666666666,0,0,0,110.57666666666667,0,0,1.2025,0,4.006666666666667,33.655,0,1.6025,1.2016666666666667,0,1.6025,0,0,19.231666666666666,0.8016666666666666,0,0,0.8016666666666666,1.6025,2.404166666666667,1.2025,0,0,0,0,2296.875,2104.1666666666665,0,0,1124.6,0,4.4075,0.4008333333333333,0,0,0,0,0,0,0,0,0,0,0,0,0,0,0,0,0,0.4008333333333333,0,0,0.4008333333333333,0,76.12166666666667,889.8233333333334,0,0,0,0,92.1475
0,0,0,0,0,0,0,0,0,0,0,0,0,0,0,0,0,0,0,0,0,0,0.4008333333333333,0.4008333333333333,0,0,0,0,72.515,0,0,0,0,0,0,0,0.4008333333333333,3.205833333333333,6.01,0,0,0,0,0,0,0,0,0,0,165.465,0,0,0,1.6033333333333333,0,0.4008333333333333,0,0,0,0,2.0033333333333334,0,0,106.97333333333333,0,2.0033333333333334,0,0,0,0,0,0.8016666666666666,0,296.47583333333336,0,2.0041666666666664,93.75,0,0,19.631666666666668,0,0,0,0,0,0,0,0,0,0,0,0,0,0,0,0,0,0,0,0,0,0,0,0,0,0,2.0033333333333334,0,0,0.4008333333333333,0,1917.8683333333333
1.6025,0,0,0,52.48416666666667,0,4.006666666666667,15.625833333333334,3.205833333333333,4.006666666666667,0,0,0,8.0125,0,0,0,4.406666666666666,0,0.4008333333333333,113.38,0,26.844166666666666,214.74333333333334,0.4008333333333333,72.51666666666667,3.6066666666666665,0,66.10666666666667,1.6033333333333333,0.4008333333333333,0,28.845833333333335,26.04083333333333,0,0,0,0,504.8066666666667,0,9.215,2.404166666666667,0.4008333333333333,0,0.8016666666666666,0,0,0,0,0,0,0,2.0033333333333334,0,471.1541666666667,8.414166666666667,0,4.006666666666667,0,0.4008333333333333,0,0,0,0,0,0,1.2016666666666667,0,0,0,3.6058333333333334,0,0,0,0,27.644166666666667,165.46416666666667,0,0,141.42666666666668,0,0.8016666666666666,0,0,0,0,0,2.404166666666667,0,0.4008333333333333,0.4008333333333333,0,0,0,0,0,0,0,0,0,0,0,0,0,0,22.035833333333333,703.1233333333333,6.411666666666666,0.8016666666666666,0,0,0
0,0,2.0041666666666664,0,7.2124999999999995,0,0,0.8016666666666666,6.01,52.88333333333333,0,0,0,0.8016666666666666,0,0,0,0,0,0,24.039166666666667,0,0,105.77083333333333,0,0,0,0,48.47833333333333,0,0,1.2025,0.4008333333333333,0,0,0,0,0,673.0783333333334,0,0.8016666666666666,0,0,0,0,5.2091666666666665,0,0,0,481.9716666666667,0,0,1.2025,0,0,9.215,0,0,0.4008333333333333,0,1.2016666666666667,0,0,47.6775,4.006666666666667,0,0.8016666666666666,0,6.8116666666666665,1.2025,10.817499999999999,0,0,0.4008333333333333,0,3485.576666666667,205.93,0.4008333333333333,0,1249.5983333333334,0.8016666666666666,2.8049999999999997,0.4008333333333333,0,0,0,0,0,0,0,0,0,0,0,0,0,0,0,0,0,0,0,0,0.4008333333333333,0,17.228333333333335,573.3166666666667,0,0.4008333333333333,0,0,251.20166666666668
0,0,0,0,0,0,0,0,0,0.4008333333333333,0,0,0,0,0,0,0,0,0,0,0,0,0,0,0,0,0,0,167.06833333333333,0,0,0,0,0,0,0,0,10.0175,5.208333333333333,0,0,0.4008333333333333,0,0,0,0,0,0,0,102.96583333333334,0,0,0.8016666666666666,0.4008333333333333,0,1.6033333333333333,0,0,0,0,2.0033333333333334,0,61.29833333333334,80.52833333333334,0,0.8016666666666666,0,0,0,0.4008333333333333,0,1.2025,0,1911.0591666666667,2.8041666666666667,4.408333333333333,38.862500000000004,0.8016666666666666,0,14.423333333333334,0,0,0,0.4008333333333333,0,0,0,0.4008333333333333,0,0,0,0,0,0,0,0,0,0,0,0,0,0,0,0,0,0,0.4008333333333333,0,0,2.405,0,1125.8008333333332
0,0,0,0,13.2225,0,0,0.4008333333333333,2.404166666666667,4.808333333333334,0,0,0.4008333333333333,0,0,0,0.4008333333333333,0,0,0,45.67333333333333,0.8016666666666666,14.023333333333333,123.39583333333333,0,73.31833333333333,2.404166666666667,0.4008333333333333,96.155,4.4075,0,0,6.410833333333334,5.609999999999999,0,0,0,0,579.7275,0,2.8049999999999997,0.8016666666666666,1.6025,0,0.8016666666666666,0,0,0,0,0,0,0,2.805,0,376.6033333333333,29.248333333333335,0,0,0,0,0,1.6025,0,0,0,0,0,0,0,0,0.8016666666666666,0,0,0,0,262.0208333333333,968.3491666666666,0,0,556.49,0,1.6025,0,0,0,0,1.6025,1.2025,0,0,0.4008333333333333,0,0,0,0,0,0,0,0,0,0,0,0,0.4008333333333333,0,12.42,521.2333333333333,16.828333333333333,1.6025,0,0,0
0,0,1.2025,0,2.405,0,0,0,0,10.015833333333333,0,0,0,0,0,0,0,0,0,0,0.4008333333333333,0,0,38.4625,0,0.4008333333333333,0,0,147.035,0.8016666666666666,0,0.4008333333333333,2.0033333333333334,0,0,0,0,0,477.56416666666667,0,0,0,0,0,0,4.4075,0,0,0,207.13083333333333,0,0,2.0041666666666664,0,0,54.4875,0,0,0,0,0,0,0,98.95916666666666,5.2091666666666665,1.6033333333333333,0,0,0,2.0033333333333334,5.2091666666666665,0,0,1.2025,0,2031.6516666666666,50.48166666666666,2.0033333333333334,0,415.4658333333333,2.0033333333333334,0.4008333333333333,0,0,0,0,0,0.8016666666666666,0,0,0,0,0,0,0,0,0,0,0,0,0,0,0,0,0,1.2025,145.03166666666667,0,0,0,0,338.9433333333333
0,0,0,0,0,0,0,0,0,0.4008333333333333,0,0,0,0,0,0,0,0,0,0,0.4008333333333333,0,0,0,0,0,0,0,61.699999999999996,0,0,0,0,0,0,0,0,26.4425,3.6058333333333334,0,0,0,0,0,0,0,0,0,0,59.69583333333333,0,0,6.8116666666666665,2.0041666666666664,0,0,0,0,0,0,0,0,192.30833333333334,178.285,0,2.0033333333333334,0,0,0,0,0,6.8125,0,1591.3475,0,0.8016666666666666,0.8016666666666666,4.4075,0,0,0,0,0,0.4008333333333333,0,0,0,0,0,0,0,0,0,0,0,0,0,0,0,0,0,0,0,0,0,0,0.8016666666666666,0,0,2.0041666666666664,0,2705.53
0,0,0,0,24.038333333333334,0,3.205,0.4008333333333333,0,2.8041666666666667,0,0,0,0,0,0,0,0,0,0,21.63416666666667,0,8.815,72.51666666666667,0,32.8525,0.4008333333333333,0,70.11166666666666,3.6066666666666665,0,0,7.211666666666666,23.238333333333333,0,0,0,0,313.3,0,0.8016666666666666,2.404166666666667,3.6058333333333334,0,0,0,0,0,0,0,0,0,1.2025,0,211.93916666666667,39.663333333333334,0,3.205,5.208333333333333,20.0325,0,0,0,0,0,0,0,0,0,0,0,0,0,0,0,294.4708333333333,358.1716666666667,0,0,450.7208333333333,0,0.4008333333333333,0,0,0,0,0,1.6025,0,0,0,0,0,0,0,0,0,0,0,0,0,0,0,0,0,68.10833333333333,840.1441666666667,10.4175,0.8016666666666666,0,0,0
0,0,0,0,3.9336363636363636,0,0,0,0,20.106363636363636,0,0,0,0,0,0,0,0,0,0,0,0,0,2.6236363636363635,0,0.8745454545454545,0,0,18.357272727272726,0,0,0,0,0,0,0,0,0,38.46181818181818,0,0.43727272727272726,0,0,0,0,8.741818181818182,0,0,0,8.74090909090909,0,0,10.052727272727273,0,0,27.535454545454545,0,0,0,0.43727272727272726,0,0,0,3.934545454545454,18.792727272727273,3.059090909090909,0,0,3.06,10.928181818181818,10.489090909090908,0.43727272727272726,0,1.748181818181818,0,5342.220909090909,59.878181818181815,3.059090909090909,0,1002.6218181818182,4.370909090909091,0,0,0,0,0,0,0.43727272727272726,0,0,0,0,0,0,0,0,0,0,0,0,0,0,0,0,0,0,185.75,0,0.43727272727272726,0,0,156.03272727272727
0,0,0,0,0,0,0,0,0,0,0,0,0,0,0,0,0,0,0,0,0,0,0,0,0,0,0,0,10.8175,0,0,0,0,0,0,0,0,10.016666666666666,1.2025,0,0,0,0,0,0,0,0,0.4008333333333333,0,176.68333333333334,0.8016666666666666,0.4008333333333333,0.4008333333333333,4.409166666666667,0,0.8016666666666666,0,0,0,0,0,0,2.8049999999999997,247.19583333333333,0,1.2025,0,0,0,0,0,6.01,0.4008333333333333,1414.6633333333334,0.8016666666666666,1.2016666666666667,0.4008333333333333,26.843333333333334,0,1.2016666666666667,0,0,0,0,0,0,0,0,0,0,0,0,0,0,0,0,0,0,0,0,0,0,0,0,0,0,0,0,0,4.809166666666666,0,3390.6233333333334
0,0,0,0,22.597,0,0.481,1.4429999999999998,0,3.847,0,0,0.481,0,0,0,0,0.962,0,0,26.442,0,5.289,42.788,0,22.116,3.846,0,197.11499999999998,3.847,0,0,11.058,33.173,0,0,0,0,434.135,0,2.404,10.097,0,0,1.923,0,0,0,0,0,0,0,1.4429999999999998,0,227.404,32.213,0,0,2.885,315.866,0,0,0,0,0,0,0.962,0,0,0,0,0,0,0,0,424.04,216.828,0,0,815.385,0,5.289,0,0,0,0,0,7.692,0,0,0,0,0,0,0,0.481,0,0,0,0,0,0,0,0.481,0,211.541,692.307,3.3659999999999997,2.8859999999999997,0,0,0
0,0,0.962,0,4.808999999999999,0,0,0,0.962,50,0,0,0,0,0,0,0,0,0,0,0,0,5.288,18.751,0,9.615,0,0,349.519,4.808,0,0,0,0,0,0,0,0,319.713,0,0,0,0,0,0,3.847,0,0,0,59.136,0,0,7.212,0.481,0,79.808,0,0.962,0,0,0,0,0,9.136000000000001,6.25,0.481,0,0,6.25,1.4429999999999998,13.462,0,0,0.962,0,7294.7119999999995,16.827,0,0,1699.999,0,0,0,0,0,0,0,0,0,0,0,0,0,0,0,0,0,0,0,0,0,0,0,0,0,0.481,168.27,0,0,0,0,65.386
0,0,0.481,0,0,0,0,0,0,0,0,0,0,0,0,0,0,0,0,0,0,0,0,0,0,0,0,0,50.001000000000005,0,0,0,0,0,0,0,0,48.558,4.327,0,0,0,0,0,0,0,0,0,0.481,134.13400000000001,1.4429999999999998,0,5.288,10.097,0,4.327999999999999,0,0,0,0,0.962,0,1.442,405.77,0,0.962,0,0,0,0.481,0,2.885,0,2765.865,0,0.962,1.924,22.116,0,14.904,0,0,0,0,0,0,0,0,0,0,0,0,0,0,0,0,0,0,0,0,0,0,0,0,0,0,32.692,0,0,2.405,0,3701.443
1.2025,0,0,0,37.26,0,0,1.2025,0,2.405,0,0,0,0,0,0,0,1.2025,0,0,14.4225,0,13.2225,55.2875,0,51.685,0,0,96.155,3.6075,0,0,7.2124999999999995,52.8875,0,0,0,0,700.72,0,0,0,1.2025,0,1.2025,0,0,0,0,0,0,0,1.2025,0,193.5075,42.0675,0,0,0,461.53999999999996,0,0,0,0,0,0,0,0,0,0,0,0,0,0,0,44.47,122.595,0,0,313.7025,0,2.405,0,0,0,0,0,2.405,0,0,0,0,0,0,0,0,0,0,0,0,0,0,0,2.405,0,68.51,326.9225,2.405,0,0,0,0
0,0,2.405,0,1.2025,0,0,0,0,19.23,0,0,0,0,0,0,0,0,0,0,0,0,0,19.23,0,0,0,0,114.1825,4.8075,0,1.2025,0,0,0,0,0,0,418.27,0,0,0,0,0,0,8.415,0,0,0,34.8575,0,0,9.6175,0,0,299.27750000000003,0,0,0,0,1.2025,0,8.415000000000001,7.2124999999999995,7.2125,4.8075,0,0,8.4125,1.2025,0,0,0,0,0,1799.28,39.665,8.4125,0,585.335,0,0,0,0,0,0,0,0,0,0,0,0,0,0,0,0,0,0,0,0,0,0,0,0,0,146.635,350.965,0,0,0,0,558.8925
0,0,0,0,0,0,0,0,0,0,0,0,0,0,0,0,0,0,0,0,0,0,0,0,0,0,0,0,30.045,0,0,0,0,0,0,0,0,10.82,0,0,0,0,0,0,0,0,0,0,0,15.6275,0,0,0,20.4325,0,6.01,0,0,0,0,0,0,4.8075,79.325,0,0,0,0,0,0,0,7.2125,0,2215.1425,0,1.2025,6.01,36.057500000000005,0,8.415,0,0,0,0,0,0,0,0,0,0,0,0,0,0,0,0,0,0,0,0,0,0,0,0,0,0,45.6725,0,0,0,0,2682.69
0.8016666666666666,0,0,0,87.33833333333334,0,0,1.6033333333333333,0.8016666666666666,15.225,0,0,0,5.608333333333333,0,0,0,10.416666666666666,0,3.205,60.096666666666664,0,34.455,216.345,2.4033333333333333,34.45666666666667,1.6033333333333333,0,208.33333333333334,0.8016666666666666,0,0,76.12166666666667,29.648333333333333,0,0,0,0,842.9483333333334,1.6033333333333333,2.405,10.416666666666666,0,0,1.6033333333333333,0,0,0,0,0,0,0,8.013333333333334,0,2963.1416666666664,23.238333333333333,2.4033333333333333,4.808333333333334,4.008333333333333,1078.525,0,0,0,0,3.205,0,0,0,0,0,0,0,0,0,0,146.635,133.01333333333335,0,0,108.17333333333333,0,19.23166666666667,0,0,0,0,0,47.276666666666664,0,0,3.205,0,0,0,0.8016666666666666,0,0,0,0,0,0,0,0,0,0,53.68666666666667,489.58333333333337,4.808333333333334,106.57000000000001,0,0,0
0.8016666666666666,0,4.008333333333333,0,20.833333333333332,0,0,4.006666666666667,0,137.82,0,0,0,0,0,0,0,0,0,0,5.609999999999999,0,0,201.12,0,0.8016666666666666,2.405,0,203.525,4.006666666666667,0,12.02,3.2066666666666666,0,0,0,0,0,2600.9616666666666,0.8016666666666666,1.6033333333333333,0,0,0,0,11.219999999999999,0,0,0,87.34,0,0,47.275,0,0,843.7483333333333,0,0,0,0,0,0,8.813333333333334,138.62166666666667,6.411666666666666,0,0,0,5.609999999999999,0,3.2066666666666666,0,0,0.8016666666666666,0,930.2883333333334,358.17333333333335,2.405,0,2020.0333333333333,0,0,0,0,0,1.6033333333333333,0,0.8016666666666666,0,0,0,0,0,0,0,0,0,0,0,0,0,0,0,0,0,28.046666666666667,1004.8083333333333,0.8016666666666666,0,0,0,401.4433333333333
0,0,0,0,0,0,0,0,0,0,0,0,0,0,0,0,0,0,0,0,0,0,0,0.8016666666666666,0,0,0,0,48.876666666666665,0,0,0,0,0,0,0,0.8016666666666666,16.026666666666667,2.405,0,0,0,0,0,0,0,0,0,0,6.411666666666666,0,0,12.018333333333333,9.616666666666667,0,7.213333333333333,0,0,0,0,0,0,2.405,118.59166666666667,0,2.405,0,0,0,0,0,4.808333333333334,0,2687.5016666666666,0,0,6.41,34.455,0,8.013333333333334,0,0,0,0,0,0,0,0,0,0,0,0,0,0,0,0,0,0,0,0,0,0,0,0,0,0,0.8016666666666666,0,0,0,0,2943.91
0.4008333333333333,0,0.4008333333333333,0,14.823333333333332,0,0.4008333333333333,3.205,1.2025,9.215,0,0,0.4008333333333333,0.8016666666666666,0,0,0,0,0,0,42.86833333333333,0,12.82,245.99416666666667,4.4075,145.03333333333333,3.205,0,305.68916666666667,23.2375,0,0,24.439166666666665,40.465833333333336,0.4008333333333333,0,0,0,657.4516666666667,0,11.219166666666666,5.609166666666667,2.8049999999999997,0,3.2066666666666666,0,0,0,0,0,0,0,32.05166666666667,0,675.0808333333333,10.016666666666666,0,4.006666666666667,2.0041666666666664,305.68916666666667,0,0,0,0,0,0,8.413333333333334,0,0,0,0,0,0,0,0,622.9966666666667,431.4891666666667,0,0,1795.6741666666667,0,13.620833333333334,0,0,0,0,0,91.34666666666666,0,0.4008333333333333,4.006666666666667,0,0.4008333333333333,0,0.8016666666666666,2.404166666666667,0,0,0,0,1.2016666666666667,1.6025,0,2.0033333333333334,0,39.66416666666667,1438.7016666666666,114.5825,0.8016666666666666,0,0,0
1.6033333333333333,0,5.2091666666666665,0,23.638333333333332,0.4008333333333333,0,6.810833333333333,0,129.8075,0,0,0.4008333333333333,1.6025,0.4008333333333333,0,0,0,0,0,18.02916666666667,0,0,361.37833333333333,2.0033333333333334,0,1.6025,0.4008333333333333,409.45666666666665,15.225000000000001,0,9.615,4.809166666666666,0,0,0,0,0,1586.94,0.4008333333333333,0,0,0,0,2.0033333333333334,5.2091666666666665,0,0,0,171.47333333333333,0,0,12.02,0,0,1154.6466666666668,0,19.631666666666668,0,0,0,0,0,58.0925,0,0,0,3.2058333333333335,34.055,0,0,0,0,4.406666666666666,0,2880.2083333333335,1570.915,0.4008333333333333,3.205,1904.2475,0,0.8016666666666666,0,0,0,3.6066666666666665,0,0.4008333333333333,0.4008333333333333,2.0033333333333334,1.6025,0.4008333333333333,1.6025,4.4075,4.006666666666667,0.8016666666666666,0.4008333333333333,0,0,0,0.4008333333333333,0,0,4.006666666666667,0,24.839166666666664,1364.9825,0,0,0,0,101.7625
0,0,0,0,0.4008333333333333,0,0,0.4008333333333333,0,0.8016666666666666,0,0,0,0,0,0,0,0,0,0,0,0,0,0,0,0,0,0,73.3175,0,0,0,0,0,0,0,1.2016666666666667,2.404166666666667,4.8075,0,0,0,0,0,0,0,0,0,0,62.50083333333333,0,0,6.411666666666666,3.205833333333333,0,59.29666666666667,0,0,0,0,0,0,2.404166666666667,9.215,0,1.6033333333333333,0,0,0,0,0,0.4008333333333333,0,1958.7341666666666,0,17.629166666666666,773.6391666666667,9.215833333333334,0,147.03416666666666,0,0,0,0,0.4008333333333333,0,0,0,0,1.6033333333333333,0,0,0,1.2025,0,0,0,0,0,0,0,0,0,0,0,0,2.405,0,0,0,0,5342.149166666667
1.6033333333333333,0,0,0,58.494166666666665,0,3.205833333333333,0.8016666666666666,1.2025,4.808333333333334,0,0,0.8016666666666666,11.619166666666667,0.4008333333333333,23.236666666666668,0,6.810833333333333,0,0.4008333333333333,39.66416666666667,0,31.250833333333333,512.42,1.2025,54.8875,0.4008333333333333,0,62.899166666666666,9.215833333333334,0,0,13.221666666666668,66.105,0,0,0,0,530.0483333333333,0,8.815,15.224166666666667,1.2025,0,1.6033333333333333,0,0,0,0,0,0,0,4.808333333333334,0,1610.9791666666667,64.10333333333334,0.8016666666666666,4.007499999999999,2.8049999999999997,1113.3808333333334,0,0,0,0,0,0,1.2016666666666667,1.2016666666666667,0,0,0.4008333333333333,0,0,0,0,433.495,702.3241666666667,0,0.8016666666666666,1120.9941666666666,0,10.818333333333333,0,0,0,1.6025,0,10.8175,0,0.8016666666666666,0.4008333333333333,0,0,0,0.4008333333333333,0.4008333333333333,0,0,0,0,0.8016666666666666,0,0,0,1.6025,12.02,718.7483333333333,26.844166666666666,1.2025,0,0,0
0.4008333333333333,5.609166666666667,15.225,0,18.830833333333334,0,0,2.0033333333333334,1.6025,91.345,0,0,0,0,0,0,0.4008333333333333,0,0,0,7.6125,0,0,480.76916666666665,0.8016666666666666,0.4008333333333333,1.2025,0,34.05416666666667,0,0.4008333333333333,2.0033333333333334,6.410833333333334,0,0,0,0,0,334.53499999999997,0,0.8016666666666666,0,0,0,0.8016666666666666,16.8275,0,0,0,155.04916666666665,0,0,9.615833333333333,0,2.0033333333333334,917.4666666666667,0,0,0,0,0,0,0,215.545,24.039166666666667,0,0,0,14.423333333333334,15.625833333333333,40.865833333333335,0,0,8.414166666666667,0,7508.815833333333,264.8233333333333,34.455,0.4008333333333333,2077.725,0,6.410833333333333,0,0,0,0.4008333333333333,0,3.205,0,0,0,0,0,0,0,0,0.4008333333333333,0,0,0,0,0,0.4008333333333333,0,0,3.6066666666666665,699.1183333333333,0,0,0,0,127.40416666666667
0,0,1.6025,0,0.8016666666666666,0,0,0,0,0,0,0,0,0,0,0,0,0,0,0,0,0,0,0,0,0,0,0,16.428333333333335,0,0,0,0,0,0,0,1.6025,7.613333333333333,0.8016666666666666,0,0,0,0,0,0,2.404166666666667,0,6.410833333333334,0,40.064166666666665,0,0,0.8016666666666666,0.8016666666666666,0,132.21166666666667,0,0,0,0,0.4008333333333333,0,2.805833333333333,145.43166666666667,0,7.2124999999999995,0,0,0,0.8016666666666666,0,6.01,0.4008333333333333,3865.786666666667,0,0.4008333333333333,3.205833333333333,93.75,0,3.6066666666666665,0,0,0,0,0,0,0,0,0,0,0,0,0,0,0,0,0,0,0,0,0,0,0,0,0,0,0.8016666666666666,0,0,2.805833333333333,0,4012.4183333333335
0,0,0,0,36.858333333333334,0,1.6025,1.2025,1.6025,8.413333333333332,0,0,0,1.2025,0,0,0,1.2025,0,0.8016666666666666,60.09583333333333,0,8.814166666666667,325.7191666666667,1.6033333333333333,32.450833333333335,0.8016666666666666,0,87.7425,0,0,0,28.446666666666665,98.96083333333333,12.820833333333333,0,0,0,752.805,0,0.4008333333333333,71.31333333333333,0,0,1.6033333333333333,0,0,0,0,0,0,0,4.808333333333334,0,489.1825,35.25666666666667,0,0,2.404166666666667,569.7108333333333,0,0,0,0,0.4008333333333333,0,0,0,0,0,0,0,0,0,0,757.6133333333333,567.3075,0,0,872.1958333333333,0,0.4008333333333333,0,0,0,0,0,0.4008333333333333,0,0,0,0,0,0,0,0,0,0,0,0,0,0.4008333333333333,0,0.4008333333333333,0,29.2475,732.3708333333334,1.6033333333333333,19.63083333333333,0,0,0
0,4.406666666666666,5.609999999999999,0,3.6066666666666665,0,0,0,4.006666666666667,45.674166666666665,0,0,0,0.4008333333333333,0,0,0.8016666666666666,0,0,0,13.221666666666668,0,0,526.0425,0.8016666666666666,5.609166666666667,6.01,1.2016666666666667,689.9033333333333,4.8075,0,28.84583333333333,10.817499999999999,0.4008333333333333,0,0,0,0,2690.3050000000003,0,0.8016666666666666,0,0,0,0,40.465,0,0,0,223.95833333333334,0,0,35.656666666666666,0,0,2334.1358333333333,0,0,0.8016666666666666,0.8016666666666666,0,0,0,743.59,1.2025,0.8016666666666666,0,0,21.234166666666667,22.837500000000002,0.4008333333333333,0.4008333333333333,1.6025,19.230833333333333,0.4008333333333333,2872.5958333333333,56.490833333333335,80.92916666666666,0,1106.97,0,0.8016666666666666,0,0.4008333333333333,0.8016666666666666,0,0,0,0,0,0,0,0,0,0,0,0,0,0,0,0,0,0,0,0,1.6025,739.1816666666667,0,0,0.4008333333333333,0,380.20750000000004
0,0.4008333333333333,0,0,0.4008333333333333,0,0,0,0,0,0,0,0,0,0,0,0,0,0,0,0,0,0,0,0,0,0,0,18.83,0,0,0,0,0,0,0.8016666666666666,2.8049999999999997,30.850833333333334,2.404166666666667,0,0,0,0,0,0,2.8049999999999997,0,14.824166666666667,1.2025,17.2275,1.2025,1.2025,0.8016666666666666,0,0,14.025,0,0,0,0,0.4008333333333333,0,59.69583333333333,316.90749999999997,0,14.0225,0,0,0,1.2025,0,13.623333333333333,2.0041666666666664,3752.0025,0,0,0,189.1025,0,13.221666666666666,0,0,0,0,0,0,0,0,0,0,0,0,0,0,0,0,0,0,0,0,0,0,0,0,0,0,0,0,0,3.205833333333333,0,8843.75
0,0,0,0,153.44583333333333,0,1.6025,0,0,2.8049999999999997,0,0,0,40.865833333333335,1.6025,0,10.015833333333333,0,0,0,14.824166666666667,0,4.407500000000001,188.7025,0,32.45166666666667,0,0.8016666666666666,19.631666666666668,0,0,0,12.42,112.98083333333334,0,0,0,0,734.375,0,9.215833333333334,79.7275,1.2016666666666667,0,1.6025,0,0,0,0,0,0,0,4.406666666666666,0,306.4891666666667,38.86333333333334,0,0,3.6058333333333334,1074.5183333333334,0,0,0,0,3.205,0,0,0,0,0,5.208333333333333,0,0,0,0,241.5875,98.5575,0,0,150.24,0,1.6025,0,0,0,0,0,0.4008333333333333,0,0,0,0,0,0.4008333333333333,0,0,0,0,0,0,0.4008333333333333,0,0,0,0,224.35916666666668,1066.1066666666666,5.609166666666667,26.44333333333333,0,0,0
0,0.4008333333333333,5.609166666666667,0,10.8175,1.6025,0,2.404166666666667,0.4008333333333333,43.670833333333334,0,0,0,0,0,0,0.4008333333333333,0,0,0,4.006666666666667,0,0,601.7616666666667,0,4.006666666666667,12.420833333333334,0.8016666666666666,1610.1783333333333,13.2225,0,16.826666666666668,2.805833333333333,0,0,0,0,0,4153.4475,0,0.4008333333333333,0,0,0,0,34.455,0,0,0,127.40333333333334,0,0,124.19833333333334,0,0,1352.965,0,0,0,0.4008333333333333,0,0,0,1114.9833333333333,0.8016666666666666,0.4008333333333333,0,0,8.013333333333334,11.619166666666667,2.0033333333333334,0,0,16.025,0,3412.66,552.885,55.28916666666667,0,1799.6791666666666,0,0,0,0.4008333333333333,0,0.4008333333333333,0,0,0,0,0.4008333333333333,0,0,0,0.4008333333333333,0,0,0.8016666666666666,0,0,0,0,0,0.4008333333333333,0,14.823333333333332,370.99333333333334,0,0,0,0,237.18
0,1.6033333333333333,0,0,0,0,0,0,0,0,0,0,0,0,0,0,0,0,0,0,0,0,0,0,0,0,0,0,9.615833333333333,0,0,0,0,0,0,0,5.609166666666667,59.295,0,0,0,0,0,0,0,5.609999999999999,0.4008333333333333,24.438333333333333,2.405,11.619166666666667,2.0041666666666664,4.4075,2.404166666666667,0.4008333333333333,0,4.0075,0,0,0,0,0.4008333333333333,0,17.2275,439.9033333333333,0,12.820833333333333,0,0,0,0,0,8.013333333333334,0.8016666666666666,3444.7108333333335,0,0,0,199.11916666666667,0,2.404166666666667,0,0,0,0,0,0,0,0,0,0,0,0,0,0,0,0,0,0,0,0,0,0,0,0,0,0,0,0,0,3.2066666666666666,0,9590.1425
12.82,0,0,0,59.295,0,0,3.6058333333333334,2.0033333333333334,6.01,0,0,0,22.035833333333333,0,0,0.8016666666666666,2.404166666666667,0.4008333333333333,1.6025,56.89083333333333,0.8016666666666666,76.925,353.7658333333333,0.4008333333333333,250.80166666666668,3.6058333333333334,0,227.56416666666667,2.404166666666667,0,0,146.23416666666665,108.575,0,0,0,0,1201.9233333333334,0,14.824166666666667,294.87166666666667,7.211666666666667,0,11.619166666666667,0,0,0,0,0,0,0,88.94333333333333,0,389.4225,29.246666666666666,6.01,0,10.416666666666666,1936.2983333333334,0,0,0,0,0,0,0,0,0,0,0.8016666666666666,0,0,0,0,341.34666666666664,59.69583333333333,0,1.2016666666666667,457.53166666666664,0,131.41083333333333,0,0,0,0,2.805,38.861666666666665,0,7.211666666666667,3.6058333333333334,0,0,0,2.0033333333333334,5.208333333333333,0,0,0,0,13.2225,0,2.8049999999999997,3.205,12.820833333333333,449.52,1081.7316666666666,18.830000000000002,405.8508333333333,0,0,0
0.4008333333333333,3.205,1.2025,0,30.849166666666665,0,0,0,0,198.71916666666667,0,0,0,0,0,0,0,0,0,0,0.4008333333333333,0,0.4008333333333333,506.81166666666667,0,5.609166666666667,5.609166666666667,1.2025,984.3741666666667,8.414166666666667,0,25.240833333333335,5.609999999999999,0,0,0,0,0,5490.785,0,2.0033333333333334,0,0,0,0.8016666666666666,9.616666666666667,0,0,0,41.26583333333333,0,0,229.16583333333332,0,0.4008333333333333,405.85,0,3.6058333333333334,0,0,0,0.4008333333333333,0,204.72833333333332,2.404166666666667,0,0,1.6025,20.833333333333336,4.8075,0,0,0,4.8075,0,6953.1241666666665,521.235,12.419166666666666,0,4169.871666666667,0,3.205833333333333,0,0,0,1.2025,0,0,0,0.4008333333333333,0,0,0,0,1.6025,0,0,0.4008333333333333,0.4008333333333333,0.8016666666666666,0,0,0,0,0,9.215,443.1091666666667,0,0,0,0,307.29083333333335
0,1.6033333333333333,0,0,0,0,0,0,0,0.4008333333333333,0,0,0,0,0,0,0,0,0,0,0,0,0,0.8016666666666666,0,0,0,0,69.31166666666667,0,0,0,0,0,0,0,0,106.57083333333334,1.6033333333333333,0,0,0,0,0,0,12.8225,0,12.420833333333333,2.404166666666667,19.633333333333333,2.805833333333333,0.8016666666666666,4.409166666666667,0,0,2.8049999999999997,0,0,0,0,1.6025,0,4.808333333333334,1250.4008333333334,0,2.404166666666667,0,0,0.4008333333333333,0.4008333333333333,0,3.605833333333333,0,4479.1658333333335,0,0.4008333333333333,0,149.03833333333333,0,25.640833333333333,0,0,0,0,0,0,0,0,0,0.4008333333333333,0,0,0,0,0,0,0,0,0,0,0,0,0,0,0,0,0.4008333333333333,0,0,2.805833333333333,0,4937.900833333333
20.835,0,0,0,51.28333333333333,7.6125,0,3.605833333333333,2.0033333333333334,0,0,0,16.42666666666667,23.6375,3.205,0,0.8016666666666666,0.8016666666666666,6.01,0,131.40916666666666,16.426666666666666,161.86,480.76916666666665,0,437.49916666666667,4.808333333333334,0,300.48083333333335,0.4008333333333333,0,0,46.07416666666667,85.3375,0,0,0.4008333333333333,0,914.2625,0,6.810833333333333,299.68,2.404166666666667,2.0033333333333334,13.621666666666666,0,0,0,0,0,0,0,142.63,0,475.16,12.420833333333334,2.0033333333333334,7.211666666666666,2.0041666666666664,618.59,0,1.6025,0,0,0,0,0,1.6025,1.6025,0,0,0,0,0,0,54.086666666666666,60.89833333333333,0,8.814166666666667,332.53249999999997,0,283.65416666666664,0,0,0,0,8.815,23.638333333333332,0.4008333333333333,4.006666666666667,31.25,0,0.4008333333333333,0,20.0325,16.826666666666668,0,0,0,0,17.22833333333333,0.8016666666666666,1.2025,7.2124999999999995,33.65333333333333,411.05833333333334,554.0858333333333,33.655,305.68916666666667,0,0,0
1.6025,0,0,0,33.653333333333336,2.404166666666667,0,2.404166666666667,0,258.41166666666663,0,0,0,0,0,1.6025,0,0,0,0,3.205833333333333,0,0,540.465,0.4008333333333333,2.0033333333333334,4.006666666666667,0,578.5258333333334,2.0033333333333334,0,17.628333333333334,36.05833333333333,0,0,0,0,0,4322.5175,0,1.6025,0,0,0,3.205,4.808333333333334,0,0,0,80.12833333333333,0,0,57.69166666666667,0,0,389.8233333333333,0,5.208333333333334,0,0.8016666666666666,0,0,0,34.85666666666667,0,0,0,1.6025,8.814166666666667,1.6025,0,0,0,0,0,6062.5008333333335,2571.7149999999997,0.4008333333333333,0,2600.5616666666665,0,4.8075,0,0,0,1.2025,0,0.4008333333333333,0,2.0033333333333334,0.4008333333333333,0.4008333333333333,0,0,2.0033333333333334,0.4008333333333333,0.8016666666666666,1.2025,0,0,0.8016666666666666,0,1.2025,0.8016666666666666,0,71.31416666666667,776.0408333333334,1.2025,0,0,0,154.6475
0,0,0,0,0,0,0,0,0,1.2025,0,0,0,0,0,0,0,0,0,0,0,0,0,0,0,0,0,0,149.84083333333334,0,0,0,0,0,0,0,2.8049999999999997,32.85333333333333,0.4008333333333333,0,0,0,0,0,0,2.8049999999999997,0,0.4008333333333333,0,195.5125,0,0,4.409166666666667,0.4008333333333333,0,12.420833333333334,0,0,0,0,0,0,0.4008333333333333,83.33583333333334,0,0.8016666666666666,0,0,0.4008333333333333,0.4008333333333333,0,0,0,4459.9366666666665,0,100.16,1070.1125,20.4325,0,148.23666666666668,0,0,0,0,0,0,0,0.4008333333333333,0,0.4008333333333333,0,0,0,0,0,0,0,0,0,0,0,0,0,0,0,0,4.007499999999999,0,0,1.2025,0,1519.2308333333333
1.6025,0,0,0,26.844166666666666,2.0033333333333334,0,2.0033333333333334,0,0.4008333333333333,0,0,0.4008333333333333,13.221666666666668,0,0,0,4.8075,0,0,53.285000000000004,28.045,57.693333333333335,432.6925,0,244.79166666666669,6.810833333333333,0,319.7125,14.423333333333334,0,0,22.835833333333333,85.7375,0.4008333333333333,0,0,0,1027.2441666666666,0,35.25666666666667,165.865,4.006666666666667,3.6058333333333334,4.408333333333333,0,0,0,0,0,0,0,50.88166666666667,0,479.9683333333333,21.636666666666667,5.208333333333333,0.8016666666666666,2.0033333333333334,39.265,0,0,0,0,0,0,0,0.8016666666666666,0,0,0,0,0,0,0,20.83416666666667,56.490833333333335,0,2.404166666666667,502.4041666666667,0,4.808333333333334,0,0,0,0,0,9.615833333333333,0.4008333333333333,0.8016666666666666,4.808333333333334,0.4008333333333333,0,0.4008333333333333,8.814166666666667,0.4008333333333333,0,0,0,0,0.8016666666666666,0,1.2016666666666667,0.4008333333333333,0,92.14833333333334,365.78416666666664,4.006666666666667,83.33333333333333,0,0,0
1.6025,0,0,0,40.464999999999996,0,1.6025,3.6058333333333334,0,275.24,0,0,0,0,0,1.6025,0,0,0,0,6.01,0,0,268.0283333333333,0,0.4008333333333333,0,0,70.1125,1.6025,0,25.640833333333333,27.645,0,0,0,0,0,2362.1808333333333,0,0,0,0,0,0.8016666666666666,0.4008333333333333,0,0,0,17.63,0,0,11.219166666666666,0,12.019166666666667,622.1949999999999,0,0.4008333333333333,2.0033333333333334,0.4008333333333333,0.4008333333333333,0.8016666666666666,0,434.2941666666667,0,0,0,2.0033333333333334,6.410833333333334,0.8016666666666666,0,0,0,0,0,7181.089166666667,2744.39,3.6058333333333334,0,2381.01,0,2.0033333333333334,0.4008333333333333,0.4008333333333333,0,1.6033333333333333,0,0,0,0,0,3.205,0,0,0,0,0,1.2025,0,0,2.0041666666666664,0,0.4008333333333333,0,0,21.235833333333332,419.0708333333333,1.2025,0.4008333333333333,0,0,107.3725
0,0,0,0,0.4008333333333333,0,0,0,0,0.8016666666666666,0,0,0,0,0,0,0,0,0,0,0,0,0,0.4008333333333333,0,0,0,0,67.70833333333333,0,0,0,0,0,0,3.6058333333333334,0.4008333333333333,24.44,0.4008333333333333,0,0,0,0,0,0,2.0041666666666664,0,0.8016666666666666,0,35.255833333333335,0,0,4.809166666666666,0,0,6.8116666666666665,0,0,0,0,1.2016666666666667,0,2.0033333333333334,129.80833333333334,0,3.6066666666666665,0,0,0,0,0,3.205,0,6461.9383333333335,0.4008333333333333,7.6125,8.815,59.69583333333333,0,16.026666666666667,0,0,0,0,0,0,0,0,0,0,0,0,0,0,0,0,0,0,0,0,0,0,0,0,0,0,2.405,0,0,4.007499999999999,0,3534.055
10.015833333333333,0,0,0,50.08,14.0225,0,5.609166666666667,0.4008333333333333,5.609999999999999,0,0,0,21.634166666666665,0.4008333333333333,1.6025,0,2.8041666666666667,0.4008333333333333,0,46.47416666666667,0,42.468333333333334,543.2683333333333,0,108.57333333333334,0.4008333333333333,0.4008333333333333,226.76416666666665,32.05083333333333,0,9.615,22.035,28.446666666666665,0,0,0,0,1979.9683333333332,0,12.821666666666665,130.20916666666668,4.006666666666667,0.4008333333333333,4.4075,0,0,0,0,0,0,0,93.35000000000001,0,2875.4016666666666,40.465,3.205,4.8075,1.2025,1817.3083333333334,0,0,0,0,3.6058333333333334,0,0,14.824166666666668,0,0,0.8016666666666666,0,0,0,0,4809.695833333333,512.0191666666667,0,6.810833333333333,1903.4458333333332,0,28.445,0,0,0,0,0.4008333333333333,4.8075,0.4008333333333333,1.6025,4.808333333333334,0,1.6025,0,0.4008333333333333,15.625,0,0,0,0.4008333333333333,16.026666666666667,7.211666666666667,4.4075,52.884166666666665,0.8016666666666666,246.79500000000002,782.8516666666667,26.041666666666668,151.8425,0,0,0
0,0,1.6025,0,10.016666666666666,0,0,3.6058333333333334,6.009166666666666,51.281666666666666,0,0,0,0,0,0,1.6025,0,0,0,35.656666666666666,0,0,455.5283333333333,0,4.8075,18.028333333333332,0,923.4766666666667,0,0,25.641666666666666,23.638333333333335,0,0,0,0,0,4599.358333333334,0,0,0,0,0,0,0,0,0,0,37.660833333333336,0,0,33.25416666666666,0,0,1322.9175,0,0,0,0,0,0,0,301.28166666666664,0.4008333333333333,0,0,0.4008333333333333,2.8049999999999997,5.208333333333333,0,0,0,0,0,7870.994166666666,177.08416666666668,17.2275,0,1842.9491666666668,0,0.4008333333333333,0,0,0,2.405,0,0,0,0,0,0,0,0,1.6025,0,0.8016666666666666,0,0,0,0.4008333333333333,0,0.8016666666666666,0.8016666666666666,0,0.8016666666666666,488.78249999999997,0,0,0,0,445.5108333333333
0,0,0,0,0,0,0,0,0,0,0,0,0,0,0,0,0,0,0,0,0,0,0,0.8016666666666666,0,0,0,0,100.56,0,0,0,0,0,0,0,0,56.8925,0.4008333333333333,0,0,0,0,0,0,1.2025,0,10.016666666666666,0,197.51583333333335,0,0.8016666666666666,6.8125,0,0,4.007499999999999,0,0,0,0,0.4008333333333333,0,6.01,241.18583333333333,0,1.6033333333333333,0,0,0,0,0,4.006666666666667,0,4576.5216666666665,0,0.4008333333333333,0.8016666666666666,59.696666666666665,0,20.0325,0,0,0,0,0,0,0,0,0,0,0,0,0,0,0,0,0,0,0,0,0,0,0,0,0,0,0,0,0,3.2066666666666666,0,8316.105
20.433333333333334,0,0,0,148.2375,4.006666666666667,0,3.205,4.006666666666667,2.0033333333333334,0,0,0,118.58916666666667,0,0.4008333333333333,0,3.6058333333333334,3.6058333333333334,0,97.7575,46.47333333333333,39.663333333333334,655.0475,1.6025,199.52,0.4008333333333333,0,405.4483333333333,4.4075,0,0.4008333333333333,70.1125,28.045833333333334,0,0,0,0,1405.8483333333334,0,28.8475,318.91166666666663,2.8049999999999997,2.404166666666667,6.01,0,0,0,0,0,0,0,85.33749999999999,0,2034.4558333333334,196.315,1.6025,1.2025,12.019166666666667,3417.0675,0,0,0,0,0,0,0,11.218333333333334,0.4008333333333333,0,40.064166666666665,0,0,0,0,1282.0525,64.90416666666667,0,0,1772.035,0,20.0325,0,0,0,0,1.6025,0,0,0,1.6025,0,0,0,0,23.2375,1.6025,0,0,0,23.638333333333335,0.4008333333333333,3.6066666666666665,16.4275,23.2375,239.58333333333334,1059.6958333333334,18.03,284.855,0,0,0
0,3.6058333333333334,5.208333333333334,0,1.6025,0,0,0,0,5.208333333333333,0,0,0,0,0,0,0,0,0,0,0,0,0,130.20833333333334,1.6025,0,0,0.4008333333333333,1885.8175,1.6025,2.0033333333333334,7.6125,0,0,0,0,0,0.4008333333333333,3177.0825,0,0.4008333333333333,0,0,0,3.6058333333333334,8.013333333333334,0,0,0,555.6891666666667,0,0,84.135,0,0.4008333333333333,798.8783333333333,0,0,0,3.205833333333333,0,0,0,888.2216666666667,1.6025,0.4008333333333333,0,0,4.808333333333334,19.631666666666668,0,0,0,17.2275,0,2020.4325000000001,46.875,152.64416666666668,0,1114.5833333333333,0,0,0.4008333333333333,0,0,0.8016666666666666,0,0,0,0.4008333333333333,0,0,0,0,1.6025,0,1.2025,0,0.4008333333333333,0,0,0,0,0,0,77.32333333333334,160.65666666666667,0,0,4.408333333333333,0,850.16
0,1.2025,0.4008333333333333,0,0,0,0,0,0,0,0,0,0,0,0,0,0,0,0,0,0,0,0,0,0,0,0,0,8.014166666666666,0,0,0,0,0,0,0,0,31.250833333333336,0.4008333333333333,0,0,0,0,0,0,1.2025,0,116.9875,2.405,67.7075,0.8016666666666666,0.8016666666666666,6.4125,0.4008333333333333,0,1.2025,0,0,0,0.4008333333333333,0.4008333333333333,0.4008333333333333,7.611666666666666,408.2525,0,13.220833333333333,0,0,0,1.2025,0,18.830833333333334,0,4976.360833333333,0,0,0,154.2475,0,0,0,0,0,0,0,0,0,0,0,0,0,0,0,0,0,0,0,0.4008333333333333,0,0,0,0,0,0,0,0,0,0,0,15.225,0,12621.795833333334
8.413333333333334,0,0,0,145.83416666666665,0.8016666666666666,0,2.404166666666667,2.0033333333333334,4.8075,0,0,0,106.97166666666666,2.404166666666667,1.6025,0.8016666666666666,11.618333333333332,4.006666666666667,0,102.965,433.0925,62.5,749.2008333333333,2.0033333333333334,253.20333333333335,1.6025,0,382.21166666666664,8.414166666666667,0,0,41.666666666666664,10.4175,0,0,0,0,1790.0641666666666,0,8.415,328.525,10.016666666666667,1.2025,8.013333333333334,0,0,0,0,0,0,0,94.95083333333334,0,2889.825,338.14166666666665,0,0,4.006666666666667,1145.835,0,0,0,0,0.4008333333333333,0,0,2.404166666666667,2.0033333333333334,0.4008333333333333,4.4075,0,0,0,0,902.645,0,0,10.8175,1223.1575,0,30.0475,0.4008333333333333,0,0,0,0,8.413333333333334,0,0,5.609166666666667,0,0,0,3.6058333333333334,0.4008333333333333,7.613333333333333,0,0,0,2.404166666666667,0.8016666666666666,8.815,16.8275,3.205833333333333,224.35916666666665,843.75,8.815,268.03,0,0,0
0,0.4008333333333333,8.814166666666667,0,2.0033333333333334,0,0,1.6025,0,0,0,0,0,0,0,0,11.618333333333334,0,0,0,0,0.4008333333333333,0,6.410833333333334,0.4008333333333333,5.208333333333333,13.6225,0,1307.2908333333332,14.023333333333333,0.4008333333333333,1.6025,1.6025,0,0,0,0,213.13916666666665,1906.6508333333334,0,0,0,0,0,0,17.628333333333334,19.230833333333333,1.6025,0,408.25166666666667,0,0,96.95416666666667,0,0,3906.2491666666665,0,0,0,1.2025,0.4008333333333333,0,0,861.3783333333333,0.4008333333333333,0,0,0,2.404166666666667,1.2016666666666667,0,0,0,208.33333333333334,4.8075,158.65416666666667,7.211666666666667,191.10666666666665,0,330.9291666666667,0,0,0,0,0.4008333333333333,2.404166666666667,0,0,0,0,0,0,0,0,0,0,3.6066666666666665,1.2025,1.2025,0.4008333333333333,0,0,0,0,0,26.843333333333334,59.6975,0,0,10.818333333333333,0,933.8933333333333
0,0.8016666666666666,0,0,0,0,0,0,0,0,0,0,0,0,0,0,0,0,0,0,0,0,0,0,0,0,0,0,2.0033333333333334,0,0,0,0,0,0,0,0,96.95416666666667,0,0,0,0,0,0,0,0,1.2025,73.71666666666667,44.47,38.060833333333335,4.006666666666667,3.2058333333333335,0.4008333333333333,0.8016666666666666,0,14.824166666666667,0,0,0,0,0.4008333333333333,0,4.4075,699.1166666666667,0,14.424166666666666,0,0,0,0,0,40.865,0,2088.9425,20.031666666666666,0,0,169.4725,0,18.029166666666665,0,0,0,0,0,0,0,0,0,0,0,0,0,0,0,0,0,0,0,0,0,0,0,0,0,0,0,0,0,11.62,0,7396.235833333333
2.0041666666666664,0,0,0,93.75,0,0,0.4008333333333333,0.4008333333333333,4.808333333333334,0,0,0,34.455,0.8016666666666666,4.006666666666667,0.4008333333333333,21.234166666666667,0.8016666666666666,0.4008333333333333,114.1825,78.52666666666667,84.93666666666667,789.6633333333333,23.2375,233.97416666666666,6.41,0,219.55,13.622499999999999,0,2.8041666666666667,12.019166666666667,13.621666666666666,0,0,0,0,1387.4191666666666,0,16.828333333333333,239.5825,13.220833333333333,0,6.411666666666666,0,0,0,0,0,0,0,109.77416666666666,0,1915.0641666666668,73.31833333333333,0,0,4.4075,949.1175,0,0,0,0,0,0,0,19.63083333333333,0,0,1.6025,0,0,0,0,718.35,0.4008333333333333,0,44.471666666666664,192.3075,0,106.9725,0,0,0,0,0.8016666666666666,15.624166666666667,4.407500000000001,3.205833333333333,8.0125,0,0.4008333333333333,0,3.205833333333333,2.404166666666667,0.4008333333333333,0,0,0,0.4008333333333333,1.2016666666666667,3.6066666666666665,5.608333333333333,0.4008333333333333,58.49333333333333,552.8841666666667,4.4075,221.15333333333334,0,0,0
0,0,5.609999999999999,0,6.41,0,0,3.205,0,10.416666666666666,0,0,0,0.4008333333333333,0,0,0.4008333333333333,0,0,0,0,6.810833333333333,0.4008333333333333,19.230833333333333,0,3.6058333333333334,2.404166666666667,34.055,2917.4674999999997,52.48416666666667,0,3.205,0.4008333333333333,0,0,0,0,568.51,4055.2883333333334,0,1.2025,0,0,0,3.2066666666666666,16.826666666666664,0,0,0,204.72833333333332,0,0,104.9675,0,0,1243.99,0,1.2016666666666667,0,2.404166666666667,0.8016666666666666,0,0,1412.26,0,0,0,0,1.6025,1.2025,0,0,0,228.76749999999998,0,1641.425,245.1925,82.9325,0.8016666666666666,1234.775,0,10.817499999999999,0,0,2.0033333333333334,0.4008333333333333,0,15.224166666666667,0,135.41666666666666,0.4008333333333333,0,0.4008333333333333,0,6.410833333333334,0,0.8016666666666666,1.2025,1.6025,414.2633333333333,0.8016666666666666,0,0,0.4008333333333333,0,4.007499999999999,99.35916666666667,0,0,4.808333333333334,0,103.36749999999999
0,0.4008333333333333,0,0,0,0,0,0,0,0,0,0,0,0,0,0,0,0,0,0,0,0,0,0,0,0.4008333333333333,0,0,0.8016666666666666,0,0,0,0,0,0,0,0,100.96166666666667,0,0,0,0,0,0,0,0,0,26.843333333333334,11.618333333333334,90.14416666666666,17.629166666666666,1.6033333333333333,0.8016666666666666,2.0041666666666664,0,125,0,0,0,0,3.205,0,0,442.70916666666665,0,4.408333333333333,0,0,0,0.4008333333333333,0,6.01,0,4579.3275,0,0,0,94.15,0,12.421666666666667,0,0,0,0,0,0,0,0.4008333333333333,0,0,0,0,0,0,0,0,0,0,0,0,0,0,0,0,0,0,0,0,0,16.826666666666668,0,4006.8116666666665
0.8016666666666666,0,0,0,43.67,0.4008333333333333,0,0.4008333333333333,0,0.4008333333333333,0,0,0,0.8016666666666666,0,3.205,0,0,0,0,41.6675,253.20416666666668,164.26333333333335,797.2758333333334,48.07666666666667,112.17916666666667,10.416666666666666,0,157.45166666666668,5.208333333333334,0,3.205,0,3.6058333333333334,0,0,0,0,1102.5641666666666,0,12.021666666666667,142.2275,5.609166666666667,0,8.414166666666667,0,0,0,0,0,0,0,109.77666666666667,0,2449.92,16.427500000000002,1.2025,4.006666666666667,2.8049999999999997,1732.7725,0,0,0,0,0,0,0,4.006666666666667,0,0,0,0,0,0,0,673.8791666666666,16.025,0,10.016666666666667,330.12833333333333,0,8.814166666666667,0,0,0,0,1.6025,16.425833333333333,1.2016666666666667,22.436666666666667,15.225,0,0,0,1.2016666666666667,0,0.8016666666666666,0,0,0,0,0,2.0033333333333334,0.4008333333333333,0,122.19583333333334,838.9425,4.809166666666666,216.74666666666667,0,0,0
4.006666666666667,0,0,0,58.093333333333334,0,0,1.6025,0,179.8875,0,0,0,0,0,1.6025,0,0,0,0,0,1.6025,0.4008333333333333,77.32416666666667,2.0033333333333334,3.205833333333333,23.2375,155.0475,3821.7149999999997,50.8825,0,8.414166666666667,0.4008333333333333,0,0,0,0,236.77833333333334,6410.656666666667,0,0.4008333333333333,1.6025,0,0,4.408333333333333,0.4008333333333333,0,0,0,48.07666666666667,0,0,54.4875,0,3.6058333333333334,495.1933333333333,0,1.6025,0,0.8016666666666666,0,0,0,38.060833333333335,0,0,0,1.6025,0.8016666666666666,0,0,0,0,0,0,4865.785833333333,2365.3849999999998,0,2.0033333333333334,1476.7625,0,2.0033333333333334,0,0,3.605,0.4008333333333333,0,4.006666666666667,0,0.8016666666666666,4.8075,3.6058333333333334,1.6025,0,4.8075,0,22.4375,0.8016666666666666,5.609166666666667,55.69,0.4008333333333333,0,1.2025,0,0,2.405,870.9933333333333,0,0.4008333333333333,0,0,2.805833333333333
0,0,2.0033333333333334,0,0,0,0,0,0,0,0,0,0,0,0.4008333333333333,0,0,0,0,0,0,0,0,1.6025,0,0,0,0,5.208333333333333,0,0,0,0,0,0,5.208333333333333,0,61.69916666666667,8.815833333333334,0,0,0,0,0,0,2.405,0,0,0,78.52666666666667,3.205833333333333,0,22.836666666666666,0.4008333333333333,0,188.70166666666665,0,1.2025,0,0,0,0,0.8016666666666666,7.6125,0,1.6025,0,0,0,0,0,0,0,2442.3091666666664,0,372.5983333333333,1848.1566666666665,7.6125,0,332.1325,0,3.205,0,0,0,0,0.4008333333333333,4.8075,0.4008333333333333,2.0033333333333334,0,0,0,0,0,0,0.4008333333333333,0,0,0,0,0,0,0,0,0,10.816666666666666,0,0,3.6075,0,2538.8633333333332
5.208333333333334,0,0,0,17.628333333333334,0,0,7.6125,0.4008333333333333,1.6025,0,0,0,2.0033333333333334,2.0033333333333334,3.6058333333333334,0,2.8049999999999997,0.8016666666666666,0,25.240833333333335,137.01916666666668,49.68,311.69916666666666,81.33,26.0425,2.404166666666667,0,194.71083333333334,34.055,0,0,0,1.6033333333333333,0,0,0,0,1391.8258333333333,0,23.238333333333333,52.48416666666667,16.8275,0,12.020833333333332,0,0,0,0,0,0,0,32.4525,0,1398.6399999999999,70.91416666666666,0,4.006666666666667,10.015833333333333,2579.7266666666665,0,0,0,0,3.6058333333333334,0,0,68.91083333333333,0,0,14.0225,0,0,0,0,235.57666666666668,112.9825,0,59.295833333333334,784.4541666666668,0,196.71583333333334,0,0,0,0,8.413333333333334,10.817499999999999,6.8116666666666665,2.0033333333333334,16.026666666666667,0,0.4008333333333333,0,0.8016666666666666,14.423333333333334,6.810833333333333,0,0,0,8.815,0.4008333333333333,9.215833333333334,28.044999999999998,3.6066666666666665,217.14666666666668,356.17083333333335,16.828333333333333,312.9008333333333,0,0,0
0,0,0.4008333333333333,0,3.6058333333333334,0,0,3.205,0,49.27916666666667,0,0,0,0,0,1.6025,1.2025,0,0,0,0.4008333333333333,0,0,216.74833333333333,0,1.6025,4.006666666666667,45.6725,209.1341666666667,8.815,0,0,0.8016666666666666,0,0,0,0,0,3286.8583333333336,0,0.4008333333333333,0,0,0,2.805833333333333,1.6025,0,0,0,365.7841666666667,0,0,10.8175,0,2.404166666666667,318.10833333333335,0,1.6025,0,13.221666666666668,0,0.4008333333333333,0,315.30333333333334,1.6025,2.0033333333333334,0,8.814166666666667,17.22833333333333,9.615833333333333,0,0.4008333333333333,0,0,0,2583.7341666666666,481.9725,12.82,1.6025,1410.2558333333334,0,3.205,0,0,0,3.6066666666666665,1.6025,1.2025,0,7.2125,0,0,0,0,0,0,1.2025,1.2016666666666667,15.225,0,1.2025,0.4008333333333333,0.4008333333333333,0,0.8016666666666666,4.408333333333333,774.8391666666666,0,0,0,0,105.36916666666667
0,1.6033333333333333,0,0,0,0,0,0,0,0,0,0,0,0,0,0,0,0,0,0,0,0,0,0,0,0,0,0,2.8049999999999997,0,0,0,0,0,0,0,0,73.71916666666667,7.213333333333333,0,0,0,0,0,0,1.2025,1.6033333333333333,20.83416666666667,0,30.448333333333334,1.6033333333333333,0,30.85,0,0,47.27583333333333,0,0,0,0,0.8016666666666666,0,0.8016666666666666,103.7675,0,8.813333333333333,0,0,0,0.4008333333333333,0,2.8049999999999997,0,5526.0408333333335,0,2.405,0.8016666666666666,61.69916666666667,0,18.43,0,0,0,0,0,0,0,0,0,0,0,0,0,0,0,0,0,0,0.4008333333333333,0,0,0,0,0,0,0,1.6033333333333333,0,0,12.420833333333333,0,2829.7275
2.8049999999999997,0,0,0,9.215,5.609166666666667,0,18.43,8.814166666666667,2.404166666666667,0,0,0,7.211666666666667,2.8049999999999997,1.6033333333333333,0,17.628333333333334,1.2025,0,31.250833333333333,181.49083333333334,209.13416666666666,316.9075,94.55,78.52583333333334,4.808333333333334,1.2016666666666667,201.5225,4.808333333333334,0,1.6025,0,0.8016666666666666,0,0,0,0,1062.9,0,20.0325,22.435833333333335,33.252500000000005,0,6.010833333333333,0,0,0,0,0,0,0,60.095,0,1584.9358333333334,17.228333333333335,2.0033333333333334,6.410833333333334,10.416666666666668,2465.5458333333336,0,0,0,0.4008333333333333,0.8016666666666666,0,0,15.625833333333333,0.4008333333333333,0,3.2058333333333335,0,0,0,0,431.89,9.615,0,22.035833333333333,392.2275,0,175.88166666666666,0,0,0,0,2.0033333333333334,20.434166666666666,2.8049999999999997,0.8016666666666666,16.426666666666666,0.4008333333333333,0,0,3.205833333333333,4.406666666666666,26.4425,0,0,0,15.225,1.6025,14.023333333333333,31.250833333333333,27.244999999999997,167.86833333333334,372.5966666666667,36.85916666666667,413.46250000000003,0,0,0
0,0,0.8016666666666666,0,19.631666666666668,0,0,7.211666666666667,5.208333333333333,193.91,0,0,0,0,0,0,0,0,1.6025,0,1.6025,0,0,262.82,0.4008333333333333,0.4008333333333333,0,14.423333333333332,244.7925,3.205,0,1.6025,4.006666666666667,0,0,0,0,1.2016666666666667,2652.6441666666665,0,1.6025,1.2025,0,0,0.8016666666666666,5.208333333333334,0,0,1.6025,119.3925,0,0,8.815,0,0,324.51916666666665,0,0.4008333333333333,0,4.006666666666667,0,0,0,25.64,2.404166666666667,0,0,0,10.015833333333333,0.8016666666666666,0,0,0,0.4008333333333333,0,6745.1925,844.15,1.6025,2.0033333333333334,1583.3341666666668,0,13.221666666666666,0,0,0,2.0041666666666664,0,0,0,1.6025,0,0,0,0,0,0,36.05833333333333,1.6033333333333333,4.006666666666667,0,0.4008333333333333,0,0.4008333333333333,0.4008333333333333,0,2.404166666666667,1130.2083333333333,0,0,0,0,106.57083333333334
0,1.2016666666666667,0.8016666666666666,0,0,0,0,0,0,0.4008333333333333,0,0,0,0,0,0,0,0,0,0,0,0,0,0,0,0,0,0,5.2091666666666665,0,0,0,0,0,0,0,0,53.685833333333335,7.6125,0,0,0,0,0,0,0.8016666666666666,0,13.220833333333333,0,37.66166666666667,0.8016666666666666,0,24.44,0,0,61.69916666666666,0,0,0,0,0.8016666666666666,0,3.6058333333333334,71.715,0,3.605833333333333,0,0,0,3.6058333333333334,0,0,0,4634.615,1.6025,8.814166666666667,115.78583333333334,41.266666666666666,0,112.98166666666667,0,0,0,0,0,0,0,0.8016666666666666,0,0,0,0,0,0,0,0,0,0.4008333333333333,0.4008333333333333,0,0,0,0,0,0,0,0.8016666666666666,0,0.4008333333333333,2.405,0,4768.429166666667
1.6033333333333333,0,0,0,15.492222222222223,0,0,16.025555555555556,0,4.808888888888888,0,0,2.1366666666666667,9.615555555555556,2.672222222222222,0,0,0.5344444444444444,0.5344444444444444,0,13.89,41.13333333333333,180.0211111111111,381.41333333333336,96.15444444444445,192.30555555555554,3.7399999999999998,0,135.68333333333334,9.081111111111111,0,0,0,0.5344444444444444,0,0,0,0,1491.9866666666667,0,5.3422222222222215,24.038888888888888,2.671111111111111,0.5344444444444444,1.6022222222222222,0,0,0,0,0,0,0,12.821111111111112,0,1921.4755555555555,37.394444444444446,0,1.6033333333333333,4.807777777777778,371.26,0,0,0,0,0.5344444444444444,0,0,0.5344444444444444,0,0,2.1366666666666667,0,0,0,0,11.217777777777778,6.944444444444445,0,6.945555555555556,522.97,0,254.80888888888887,0,0,0,0,1.0688888888888888,4.807777777777778,0.5344444444444444,0,8.014444444444445,0.5344444444444444,0,0,0,0.5344444444444444,46.47555555555555,0,0,0,11.753333333333334,1.6022222222222222,6.4111111111111105,10.684444444444445,26.175555555555555,61.43333333333333,1572.1144444444444,68.91111111111111,185.36333333333334,0,0,0
0,2.1366666666666667,0,0,3.2055555555555553,0,0,12.82,0,93.48444444444445,0,0,0,0,0,0,0,0.5344444444444444,0,0,0,0,0.5344444444444444,401.7077777777778,0,0,0.5344444444444444,24.038888888888888,273.50444444444446,11.217777777777778,0,6.944444444444444,6.944444444444445,0,0,0,0,0,1573.1833333333334,0,0.5344444444444444,2.1366666666666667,0,0,0,1.0688888888888888,2.1366666666666667,0,0,60.897777777777776,0,0,5.342222222222222,0,0.5344444444444444,627.1355555555556,0,0,0,36.324444444444445,0.5344444444444444,0,0,205.66222222222223,0,8.546666666666667,0,0,10.149999999999999,22.435555555555556,0,0,0,0.5344444444444444,0,6383.012222222223,77.45777777777778,61.965555555555554,0.5344444444444444,1019.7655555555556,0,22.436666666666667,0,0,0,1.6033333333333333,0,0,0,6.944444444444445,0,0,0,0,0,0,74.25222222222222,0,0.5344444444444444,3.2055555555555557,0,0,0.5344444444444444,0.5344444444444444,0,194.44555555555556,1005.3422222222222,0,0.5344444444444444,0,0,336.5388888888889
0.5344444444444444,0,0,0,0,0,0,0,0,0,0,0,0,0,0,0,0,0,0,0,0,0,0,0,0,0,0,0,3.738888888888889,0,0,0,0,0,0,0.5344444444444444,11.753333333333332,44.873333333333335,2.1377777777777776,0,0,0,0,0,0,3.7399999999999998,0.5344444444444444,238.78333333333333,0,24.037777777777777,0.5344444444444444,2.1377777777777776,10.685555555555554,0,0,67.30666666666667,0,0,0,0,0,0,12.287777777777778,425.75,0,9.616666666666667,0,0,0,1.0688888888888888,0,1.0688888888888888,0,4763.888888888889,0,0,0,163.4611111111111,0,3.2055555555555557,0,0,0,0,0,0,0,0,0,0,0,0,0,0,0,0,0,0,0,0,0,0,0,0,0,0,3.2066666666666666,0,0,5.343333333333333,0,5384.082222222222
14.424444444444443,0,0,0,4.807777777777778,13.355555555555556,0,59.82888888888889,0,42.73555555555556,0,0,0,20.833333333333332,30.984444444444442,6.944444444444445,0,0,5.876666666666667,0,37.92666666666667,653.8455555555555,214.2111111111111,386.7511111111111,66.2388888888889,164.53,6.944444444444445,0,805.0211111111112,23.504444444444445,0,12.82,0,2.1366666666666667,0,0,0,0,1710.47,0,33.65222222222222,25.642222222222223,62.501111111111115,0,24.573333333333334,0,0,0,0,0,0,0,21.90222222222222,0,1260.6822222222222,189.10444444444445,0,0,7.478888888888889,885.1488888888889,0,0,0,0,22.435555555555556,0,0,4.807777777777778,0.5344444444444444,0,99.89444444444445,0,0,0,0,423.61111111111114,3.2055555555555557,0,13.88888888888889,616.9866666666667,0,598.8255555555555,0,0,0,0,13.354444444444445,0.5344444444444444,4.807777777777778,2.671111111111111,12.286666666666667,0.5344444444444444,2.671111111111111,0,18.697777777777777,2.1366666666666667,8.547777777777778,0,0,0,68.37666666666667,1.0688888888888888,12.286666666666667,79.59444444444445,65.70555555555556,65.17222222222222,219.01777777777778,53.95333333333333,475.96222222222224,0,0,0
0,0,0.5344444444444444,0,7.478888888888889,0,0,5.875555555555556,0,3.2055555555555557,0,0,0,0,0,0,2.1366666666666667,0,0,0,2.1366666666666667,0,6.41,141.02555555555557,0,3.2055555555555557,2.1366666666666667,0,1076.9244444444444,4.273333333333333,0,8.013333333333334,0,0,0,0,0,11.752222222222223,2219.551111111111,0,0.5344444444444444,2.671111111111111,0,0,0,14.423333333333334,4.273333333333333,0,0,238.24777777777777,0,0.5344444444444444,16.025555555555556,0,2.1366666666666667,1107.9066666666668,0,0,0,8.547777777777778,0,0,0.5344444444444444,2642.0933333333332,0,2.1377777777777776,0,0,0,41.13333333333333,2.671111111111111,0,0,36.32555555555555,0,4298.076666666667,0.5344444444444444,297.00888888888886,4.807777777777778,979.1666666666666,1.0688888888888888,2.1366666666666667,0,0,1.6033333333333333,0.5344444444444444,0,0,0,0,0,0,0,0,0,0,1.0688888888888888,6.41,19.765555555555554,7.478888888888889,0,0,0,0.5344444444444444,0,6.41,516.56,0,0,2.671111111111111,0,1615.3844444444444
0,0,4.273333333333333,0.5344444444444444,0,0,0,0.5344444444444444,0,0,0,0,0,0,0,0,0,0,0,0,0,0,0,1.0688888888888888,0,0,0,0,13.355555555555556,0,0,0,0,0,0,0.5344444444444444,1.0688888888888888,25.107777777777777,5.342222222222222,0,0,0,0,0,0,1.0688888888888888,8.546666666666667,939.1033333333334,79.0611111111111,12.285555555555556,47.54333333333334,16.026666666666667,3.2066666666666666,5.342222222222222,0,9.615555555555556,0,0,0,0,1.6033333333333333,0,37.39333333333333,2303.418888888889,0,5.342222222222222,0,0,0,0.5344444444444444,0,5.876666666666666,4.273333333333333,300.7477777777778,0,0.5344444444444444,0,37.39555555555555,0,0,0,0,0,0,0,0,0,0,0,0,0,0,0,0,0,0,0,0,0,0,0,0,0,0,0,0,0.5344444444444444,0,0,11.753333333333332,0,5767.094444444444
